time,temperature_2m_min (°C),temperature_2m_max (°C),temperature_2m_mean (°C),precipitation_sum (mm),windspeed_10m_max (m/s)
2020-01-01,12.4,21.7,16.6,0.0,2.56
2020-01-02,12.7,23.1,17.3,0.0,1.8
2020-01-03,13.1,25.3,18.4,0.0,1.77
2020-01-04,13.7,26.4,19.6,0.0,1.66
2020-01-05,15.8,25.1,19.9,0.0,3.07
2020-01-06,17.0,26.0,21.2,0.0,2.2
2020-01-07,18.6,27.9,22.4,0.2,3.35
2020-01-08,14.6,24.5,19.1,0.0,4.48
2020-01-09,13.3,23.8,18.3,0.0,1.9
2020-01-10,15.0,26.4,20.0,0.0,2.42
2020-01-11,13.0,21.5,16.6,0.0,5.04
2020-01-12,9.4,17.3,13.3,0.0,4.94
2020-01-13,10.3,19.9,14.6,0.0,2.0
2020-01-14,12.2,21.9,16.2,0.0,2.82
2020-01-15,11.6,24.8,17.4,0.0,3.77
2020-01-16,13.2,22.9,16.9,0.0,4.85
2020-01-17,11.0,15.9,13.1,0.0,4.3
2020-01-18,10.4,18.3,13.4,0.0,3.4
2020-01-19,11.1,14.8,12.9,0.6,3.0
2020-01-20,11.6,21.3,15.9,0.0,2.12
2020-01-21,12.0,23.5,17.6,0.0,2.1
2020-01-22,16.3,25.2,19.7,0.0,2.11
2020-01-23,18.9,28.4,22.3,0.0,2.16
2020-01-24,18.7,26.3,21.7,0.7,2.84
2020-01-25,12.8,20.1,17.5,8.3,4.52
2020-01-26,9.4,13.0,10.9,17.3,4.81
2020-01-27,7.6,12.3,9.6,0.4,5.36
2020-01-28,7.5,13.3,9.6,0.0,4.07
2020-01-29,7.2,15.0,10.4,0.0,4.26
2020-01-30,6.8,16.8,11.0,0.0,5.0
2020-01-31,4.5,18.7,10.7,0.0,2.44
2020-02-01,5.4,21.6,12.5,0.0,2.1
2020-02-02,10.3,19.9,14.6,0.1,1.75
2020-02-03,11.2,20.4,15.3,0.0,3.45
2020-02-04,11.9,15.4,13.5,5.9,2.34
2020-02-05,13.4,18.8,15.9,0.0,2.78
2020-02-06,12.6,18.0,15.7,0.0,1.97
2020-02-07,14.0,17.6,15.6,0.9,3.64
2020-02-08,12.0,18.3,14.5,0.0,3.79
2020-02-09,10.9,18.5,13.7,0.0,3.73
2020-02-10,10.7,20.8,15.5,0.0,2.2
2020-02-11,16.1,22.7,18.3,0.4,2.87
2020-02-12,16.2,25.1,19.7,2.2,2.55
2020-02-13,16.3,21.1,18.1,8.1,2.42
2020-02-14,17.2,20.5,18.9,10.7,3.26
2020-02-15,12.1,23.2,20.1,29.0,7.13
2020-02-16,8.6,12.3,9.9,8.9,6.69
2020-02-17,6.6,15.2,10.2,0.0,5.65
2020-02-18,6.8,18.7,11.5,0.0,3.22
2020-02-19,5.2,20.9,13.2,0.0,2.02
2020-02-20,12.4,24.2,17.0,0.0,2.15
2020-02-21,11.2,26.2,17.8,0.0,1.82
2020-02-22,14.3,26.5,19.5,0.0,3.35
2020-02-23,14.3,27.1,19.8,0.0,1.87
2020-02-24,14.6,26.5,20.1,0.1,3.64
2020-02-25,17.4,27.0,21.8,1.5,2.06
2020-02-26,16.6,29.9,22.7,0.0,1.91
2020-02-27,18.1,27.7,22.1,0.0,2.69
2020-02-28,15.8,26.7,20.8,0.0,1.92
2020-02-29,15.9,28.8,21.9,0.0,2.69
2020-03-01,17.6,26.9,21.5,0.6,3.71
2020-03-02,16.8,23.6,20.0,0.1,3.31
2020-03-03,16.8,24.3,20.4,0.6,2.69
2020-03-04,12.8,19.4,15.3,8.8,4.5
2020-03-05,12.7,19.3,15.9,0.1,2.83
2020-03-06,15.3,23.5,19.1,0.0,3.04
2020-03-07,17.4,25.1,20.9,0.7,3.07
2020-03-08,18.2,26.5,22.3,0.0,5.12
2020-03-09,20.6,26.1,23.3,2.5,5.22
2020-03-10,16.3,22.8,19.4,10.3,5.47
2020-03-11,13.6,23.0,17.7,0.5,2.87
2020-03-12,15.8,22.4,18.9,0.3,4.83
2020-03-13,17.1,24.0,20.7,17.4,4.34
2020-03-14,16.3,22.7,18.7,6.9,4.74
2020-03-15,12.9,23.4,17.9,0.0,3.08
2020-03-16,13.6,24.3,18.8,0.0,2.41
2020-03-17,15.7,22.7,19.2,3.2,2.91
2020-03-18,18.2,21.2,19.3,8.0,2.43
2020-03-19,18.1,21.4,19.2,11.7,1.78
2020-03-20,18.4,23.4,20.6,2.6,1.65
2020-03-21,20.1,24.2,22.0,0.5,4.08
2020-03-22,20.6,30.2,24.7,0.1,3.05
2020-03-23,20.9,27.7,23.6,2.2,1.78
2020-03-24,20.2,27.5,23.1,0.0,1.75
2020-03-25,17.4,28.1,22.5,0.0,2.69
2020-03-26,19.9,27.0,22.4,7.3,3.82
2020-03-27,18.9,28.2,22.7,2.0,3.81
2020-03-28,16.1,21.8,19.4,10.1,4.85
2020-03-29,15.4,20.0,18.0,0.2,4.92
2020-03-30,13.2,18.9,14.8,1.8,2.66
2020-03-31,13.1,23.4,16.6,4.1,3.04
2020-04-01,13.6,15.8,14.6,6.3,3.49
2020-04-02,15.0,22.0,18.2,0.1,2.91
2020-04-03,16.9,22.0,19.1,5.3,3.1
2020-04-04,15.9,19.7,17.2,2.4,3.67
2020-04-05,14.5,16.8,15.6,13.7,2.39
2020-04-06,14.2,16.1,14.8,23.1,2.19
2020-04-07,14.8,22.3,18.1,0.2,3.0
2020-04-08,15.8,25.2,20.4,0.0,2.48
2020-04-09,14.8,27.8,21.2,0.0,1.99
2020-04-10,14.9,28.2,21.3,0.0,2.73
2020-04-11,16.9,23.5,20.0,19.0,4.71
2020-04-12,15.1,21.3,17.7,0.0,6.3
2020-04-13,11.7,24.1,17.6,0.0,3.91
2020-04-14,12.9,22.8,18.1,0.1,1.86
2020-04-15,12.2,27.4,19.6,0.0,2.64
2020-04-16,14.7,29.2,21.4,0.0,3.35
2020-04-17,16.1,29.4,22.7,0.0,2.34
2020-04-18,18.7,28.5,23.7,0.0,2.55
2020-04-19,21.5,30.5,25.9,0.0,3.21
2020-04-20,23.1,31.1,26.7,0.9,2.79
2020-04-21,22.5,28.7,25.6,0.9,3.32
2020-04-22,17.9,24.9,19.8,7.0,4.0
2020-04-23,16.8,18.5,17.7,0.6,2.95
2020-04-24,15.8,18.7,16.9,2.0,3.23
2020-04-25,15.3,23.7,19.7,0.0,1.44
2020-04-26,17.5,26.8,21.8,0.1,2.86
2020-04-27,18.4,29.9,23.5,0.5,2.33
2020-04-28,17.6,32.0,24.3,0.0,2.33
2020-04-29,16.5,32.0,24.0,0.0,2.14
2020-04-30,18.1,32.9,25.4,0.0,2.11
2020-05-01,20.0,30.4,25.4,1.2,2.55
2020-05-02,22.9,31.9,27.0,0.7,3.08
2020-05-03,22.5,35.1,28.5,0.0,3.77
2020-05-04,23.8,35.2,29.3,0.0,3.52
2020-05-05,25.2,35.5,29.7,0.0,5.44
2020-05-06,25.9,35.4,30.0,0.1,5.11
2020-05-07,27.1,34.6,30.2,0.2,5.02
2020-05-08,27.4,33.4,29.8,1.1,5.33
2020-05-09,27.3,34.3,30.0,0.3,4.26
2020-05-10,24.2,32.3,27.9,7.2,3.31
2020-05-11,23.0,33.3,26.4,23.4,2.72
2020-05-12,23.1,30.8,26.8,3.0,2.7
2020-05-13,23.3,31.4,26.7,1.1,3.64
2020-05-14,23.1,30.6,26.5,1.3,4.03
2020-05-15,25.1,33.3,28.5,1.0,3.52
2020-05-16,23.0,35.2,28.4,0.2,1.97
2020-05-17,24.4,35.0,28.4,2.4,3.01
2020-05-18,23.7,29.4,25.3,21.2,2.73
2020-05-19,22.8,31.2,26.4,3.8,1.44
2020-05-20,24.5,31.0,27.0,7.7,2.92
2020-05-21,24.1,27.4,25.7,48.3,3.36
2020-05-22,24.1,27.4,25.7,67.6,3.52
2020-05-23,23.3,29.3,25.7,2.8,1.58
2020-05-24,23.9,31.3,27.2,2.2,2.34
2020-05-25,23.7,29.2,26.5,3.1,2.88
2020-05-26,25.8,29.6,27.1,13.9,2.3
2020-05-27,23.9,28.1,26.1,4.9,2.44
2020-05-28,23.2,28.5,25.6,5.9,2.06
2020-05-29,24.6,29.0,26.1,11.3,3.13
2020-05-30,24.5,26.7,25.4,12.4,2.66
2020-05-31,25.0,30.3,26.7,9.3,3.28
2020-06-01,25.0,30.5,26.8,11.2,3.04
2020-06-02,24.6,30.9,27.0,7.1,4.03
2020-06-03,25.1,32.2,27.7,4.2,3.48
2020-06-04,25.1,32.3,28.3,4.3,4.44
2020-06-05,25.7,31.1,27.4,14.2,3.83
2020-06-06,24.3,26.9,25.2,26.1,2.75
2020-06-07,24.3,26.1,25.2,41.2,2.55
2020-06-08,24.7,27.7,25.5,29.4,4.11
2020-06-09,24.9,29.8,26.3,19.4,2.97
2020-06-10,24.0,30.8,26.9,3.4,3.44
2020-06-11,25.3,33.3,28.9,0.9,2.77
2020-06-12,25.3,34.5,29.7,1.2,2.02
2020-06-13,26.7,32.9,29.2,7.8,4.16
2020-06-14,26.2,30.8,27.9,3.0,5.15
2020-06-15,26.1,31.8,27.9,6.4,3.75
2020-06-16,25.1,32.2,28.4,1.3,4.22
2020-06-17,25.4,31.8,28.5,1.7,4.7
2020-06-18,25.5,32.8,28.6,1.7,4.0
2020-06-19,25.7,33.0,29.3,0.9,3.5
2020-06-20,25.5,33.5,29.4,0.0,3.4
2020-06-21,26.5,33.4,29.6,0.9,4.5
2020-06-22,27.3,33.9,30.2,1.8,4.03
2020-06-23,27.3,33.9,30.3,2.2,3.61
2020-06-24,27.4,33.8,30.3,0.8,3.28
2020-06-25,26.3,33.1,29.0,7.2,4.4
2020-06-26,26.1,33.0,29.1,2.5,4.3
2020-06-27,26.6,34.2,29.9,1.5,4.4
2020-06-28,26.0,33.8,29.7,0.9,3.66
2020-06-29,26.1,34.1,29.8,9.7,3.35
2020-06-30,26.2,34.1,29.7,8.3,2.53
2020-07-01,26.5,31.5,28.5,6.8,2.18
2020-07-02,26.5,32.2,28.8,3.4,4.5
2020-07-03,26.7,31.2,28.3,6.2,3.91
2020-07-04,26.0,31.0,28.4,2.2,3.41
2020-07-05,26.1,33.1,29.1,1.1,4.22
2020-07-06,26.7,33.5,29.5,2.5,4.58
2020-07-07,26.9,32.8,29.6,2.7,4.03
2020-07-08,27.2,32.4,29.3,2.2,4.28
2020-07-09,27.9,33.2,29.9,2.8,4.98
2020-07-10,28.1,32.5,29.7,1.0,4.59
2020-07-11,27.5,33.9,30.4,0.0,4.9
2020-07-12,26.7,33.8,30.1,1.2,3.45
2020-07-13,26.6,35.2,30.3,0.8,2.15
2020-07-14,26.8,36.4,30.8,0.0,2.15
2020-07-15,26.9,34.5,30.3,0.0,3.55
2020-07-16,26.6,34.0,29.9,0.3,3.88
2020-07-17,26.9,32.9,30.0,1.1,4.1
2020-07-18,27.1,33.7,30.1,0.9,4.03
2020-07-19,26.9,33.7,29.8,3.4,4.04
2020-07-20,27.0,33.3,29.8,0.8,2.92
2020-07-21,25.7,34.3,29.8,0.4,2.53
2020-07-22,25.3,34.1,29.7,4.2,3.2
2020-07-23,26.7,34.9,30.5,0.5,2.22
2020-07-24,26.1,35.9,30.9,0.0,2.69
2020-07-25,27.0,36.4,31.2,0.0,2.66
2020-07-26,27.3,35.7,31.2,0.0,3.33
2020-07-27,26.6,34.5,30.1,3.6,3.52
2020-07-28,26.3,35.7,30.3,1.5,2.61
2020-07-29,26.6,34.1,29.2,8.6,2.61
2020-07-30,25.7,36.5,29.7,0.0,2.85
2020-07-31,25.5,30.8,27.6,3.7,5.39
2020-08-01,25.6,28.7,26.6,13.3,6.11
2020-08-02,25.0,30.1,27.5,10.3,4.79
2020-08-03,26.1,31.6,28.1,3.7,3.16
2020-08-04,24.8,30.3,27.2,6.4,2.66
2020-08-05,25.7,29.0,26.7,13.1,3.09
2020-08-06,24.8,34.5,28.6,4.1,3.0
2020-08-07,26.0,33.7,29.5,0.6,2.2
2020-08-08,26.0,34.1,29.8,0.7,2.15
2020-08-09,25.8,34.0,29.8,0.1,2.37
2020-08-10,25.7,33.6,29.2,2.1,2.91
2020-08-11,26.2,30.6,28.1,1.6,3.7
2020-08-12,25.6,30.6,27.0,12.3,4.8
2020-08-13,25.0,31.4,27.7,4.3,3.4
2020-08-14,24.5,32.6,28.0,7.8,2.79
2020-08-15,24.7,32.7,27.9,7.8,2.72
2020-08-16,24.7,32.7,28.2,7.7,2.62
2020-08-17,24.9,32.0,27.7,5.0,2.04
2020-08-18,24.0,30.0,26.3,15.8,3.85
2020-08-19,23.7,28.4,25.9,9.5,5.54
2020-08-20,25.2,32.6,28.4,2.3,2.02
2020-08-21,24.9,32.5,28.0,9.7,2.73
2020-08-22,25.2,33.8,28.3,5.1,2.37
2020-08-23,25.3,33.4,29.0,1.1,1.75
2020-08-24,26.0,33.6,29.3,3.5,2.63
2020-08-25,26.5,35.1,29.6,3.4,3.18
2020-08-26,25.5,34.4,28.8,4.3,3.2
2020-08-27,24.7,30.4,26.6,15.1,1.28
2020-08-28,23.6,33.7,28.2,0.0,1.94
2020-08-29,24.8,34.5,29.0,0.1,1.84
2020-08-30,24.9,34.0,29.0,1.1,1.75
2020-08-31,25.7,32.6,28.4,3.9,2.64
2020-09-01,25.2,33.2,28.5,6.6,2.42
2020-09-02,25.5,33.8,29.2,0.6,2.66
2020-09-03,26.6,35.0,30.2,0.0,2.6
2020-09-04,25.9,32.0,28.2,3.2,2.3
2020-09-05,24.8,30.6,27.2,4.3,2.33
2020-09-06,24.8,31.4,27.6,7.0,2.19
2020-09-07,25.5,31.3,27.5,4.2,1.61
2020-09-08,25.0,28.0,26.1,14.2,1.82
2020-09-09,24.3,28.7,26.4,6.6,1.5
2020-09-10,25.2,32.2,27.3,6.0,1.84
2020-09-11,25.0,31.0,27.5,6.8,2.61
2020-09-12,24.5,32.4,27.4,12.7,2.37
2020-09-13,24.0,32.1,26.9,15.3,1.98
2020-09-14,25.1,32.0,27.4,4.4,2.4
2020-09-15,25.8,30.9,27.4,3.7,3.32
2020-09-16,25.8,34.1,29.0,1.1,3.05
2020-09-17,25.2,32.9,28.7,0.9,4.03
2020-09-18,25.4,28.9,27.1,6.9,3.19
2020-09-19,24.4,32.1,26.6,11.9,2.5
2020-09-20,24.1,31.8,27.2,8.6,1.7
2020-09-21,25.0,31.5,27.7,2.8,1.82
2020-09-22,24.8,31.5,28.0,0.9,1.64
2020-09-23,24.8,30.8,27.3,8.7,2.0
2020-09-24,23.3,29.4,25.3,0.3,3.35
2020-09-25,22.3,29.7,25.4,0.0,2.21
2020-09-26,22.9,28.8,25.8,0.4,1.9
2020-09-27,23.6,28.5,25.4,0.0,2.41
2020-09-28,23.2,28.4,25.5,1.2,2.25
2020-09-29,23.8,30.0,26.6,1.5,1.65
2020-09-30,24.9,28.9,26.5,1.4,3.59
2020-10-01,22.8,27.5,25.2,5.3,2.12
2020-10-02,22.4,31.7,26.5,0.0,1.6
2020-10-03,22.9,32.5,27.4,0.2,2.02
2020-10-04,24.5,33.4,28.2,0.7,2.01
2020-10-05,23.4,28.1,25.8,0.0,4.0
2020-10-06,21.4,25.9,23.1,0.0,4.16
2020-10-07,20.5,26.8,22.7,0.0,4.51
2020-10-08,20.2,26.2,22.7,0.0,4.27
2020-10-09,21.0,27.7,23.8,0.0,3.7
2020-10-10,19.9,29.7,24.1,0.0,3.05
2020-10-11,19.6,31.5,25.1,0.0,2.95
2020-10-12,21.8,32.8,26.7,0.0,3.68
2020-10-13,22.7,27.6,25.2,9.4,5.46
2020-10-14,22.4,31.0,26.0,1.3,4.24
2020-10-15,22.7,29.0,25.4,0.0,3.81
2020-10-16,22.2,32.1,26.0,0.0,4.34
2020-10-17,20.9,27.3,23.5,0.0,4.7
2020-10-18,19.3,28.8,22.9,0.0,4.51
2020-10-19,19.5,27.3,22.6,0.0,4.15
2020-10-20,19.6,28.0,23.1,0.0,4.34
2020-10-21,19.6,27.0,23.0,0.0,5.28
2020-10-22,20.7,25.3,22.3,0.0,6.33
2020-10-23,19.8,27.8,23.4,0.1,5.88
2020-10-24,20.4,25.8,22.9,0.0,4.4
2020-10-25,20.8,30.1,24.3,0.0,2.94
2020-10-26,18.5,32.4,24.7,0.0,3.14
2020-10-27,20.4,32.1,25.5,0.0,3.0
2020-10-28,20.8,31.7,25.5,2.9,4.03
2020-10-29,20.8,24.2,22.7,4.0,4.02
2020-10-30,20.2,26.9,22.8,3.1,3.66
2020-10-31,19.6,29.3,23.3,0.0,2.44
2020-11-01,18.7,29.5,23.1,0.0,2.06
2020-11-02,19.9,28.1,23.4,0.0,4.55
2020-11-03,19.9,26.3,22.7,0.0,3.94
2020-11-04,19.6,26.9,23.1,0.0,3.0
2020-11-05,16.5,28.5,22.0,0.0,1.98
2020-11-06,16.8,30.7,23.6,0.0,3.7
2020-11-07,22.0,29.6,25.5,0.0,4.62
2020-11-08,22.8,27.4,25.0,0.0,4.7
2020-11-09,20.1,27.3,23.2,0.0,4.3
2020-11-10,17.8,27.3,22.0,0.0,3.78
2020-11-11,16.6,27.6,20.7,0.0,3.92
2020-11-12,13.9,27.8,20.1,0.0,3.91
2020-11-13,16.1,26.6,21.8,0.0,4.43
2020-11-14,19.2,23.9,21.6,4.7,4.02
2020-11-15,19.5,24.7,21.6,9.7,2.52
2020-11-16,19.1,30.0,23.7,1.4,1.63
2020-11-17,19.0,30.1,24.0,0.0,2.88
2020-11-18,22.2,30.0,25.3,0.2,2.69
2020-11-19,22.9,29.0,25.2,1.3,1.77
2020-11-20,21.8,31.1,25.6,0.7,1.58
2020-11-21,22.4,29.6,25.7,0.3,3.56
2020-11-22,20.3,29.7,24.4,0.4,3.76
2020-11-23,18.5,24.7,20.9,0.0,3.62
2020-11-24,16.6,24.9,20.1,0.0,3.32
2020-11-25,16.9,27.7,21.4,0.0,2.06
2020-11-26,18.2,27.0,21.3,0.0,3.76
2020-11-27,16.0,22.7,18.5,0.0,4.85
2020-11-28,14.6,21.2,16.9,0.0,4.53
2020-11-29,13.1,20.0,16.0,1.5,4.35
2020-11-30,12.7,20.6,15.7,1.2,4.53
2020-12-01,12.6,22.1,16.4,0.0,3.8
2020-12-02,13.0,21.3,16.6,0.0,4.37
2020-12-03,12.9,18.3,14.8,0.0,5.47
2020-12-04,10.7,16.3,13.1,0.0,5.35
2020-12-05,10.3,18.9,13.6,0.0,4.21
2020-12-06,8.3,22.1,14.2,0.0,2.53
2020-12-07,13.0,22.7,16.9,0.0,4.04
2020-12-08,13.4,19.7,16.2,0.0,3.98
2020-12-09,14.1,20.7,17.1,0.0,2.86
2020-12-10,16.5,21.4,19.2,0.0,3.42
2020-12-11,16.7,22.4,19.4,2.3,2.94
2020-12-12,16.8,22.7,19.2,0.2,2.97
2020-12-13,17.0,26.5,20.9,0.0,2.14
2020-12-14,8.7,19.4,13.1,0.1,5.41
2020-12-15,6.9,12.6,9.1,0.1,4.59
2020-12-16,7.1,12.1,8.8,1.0,4.18
2020-12-17,7.0,12.3,9.2,2.1,3.4
2020-12-18,9.0,16.7,11.5,0.0,4.84
2020-12-19,8.3,14.3,10.6,0.0,5.48
2020-12-20,9.0,17.2,12.1,0.0,5.41
2020-12-21,9.0,18.3,13.0,0.0,4.52
2020-12-22,8.7,20.9,15.1,0.0,2.92
2020-12-23,14.8,21.7,17.8,0.9,2.42
2020-12-24,14.7,21.5,17.3,0.0,3.55
2020-12-25,14.2,20.3,17.1,0.0,2.55
2020-12-26,14.4,24.8,19.0,0.0,1.65
2020-12-27,12.7,27.7,20.0,0.0,2.33
2020-12-28,14.5,28.4,20.3,0.0,1.92
2020-12-29,13.9,27.5,19.9,0.0,6.61
2020-12-30,6.9,15.3,10.8,0.0,7.42
2020-12-31,3.4,12.2,7.3,0.0,5.57
2021-01-01,2.8,14.4,8.0,0.0,3.45
2021-01-02,3.2,18.5,9.7,0.0,2.59
2021-01-03,5.0,21.6,12.8,0.0,2.86
2021-01-04,11.7,21.6,15.9,0.0,2.91
2021-01-05,13.5,22.2,16.7,0.0,3.57
2021-01-06,9.8,20.3,14.5,0.0,3.36
2021-01-07,5.7,12.9,10.0,0.0,5.7
2021-01-08,4.3,7.3,5.6,0.0,5.73
2021-01-09,4.2,12.3,7.9,0.0,4.65
2021-01-10,7.9,11.6,9.5,0.0,3.52
2021-01-11,5.7,9.2,7.4,0.9,4.57
2021-01-12,4.2,15.3,8.4,0.0,4.68
2021-01-13,0.5,19.7,9.3,0.0,2.44
2021-01-14,4.7,22.7,12.7,0.0,2.28
2021-01-15,6.3,24.7,14.8,0.0,2.35
2021-01-16,11.2,25.1,17.0,0.0,1.97
2021-01-17,10.8,17.2,13.8,0.0,5.58
2021-01-18,6.8,18.0,11.7,0.0,3.26
2021-01-19,4.9,21.5,12.4,0.0,2.02
2021-01-20,11.4,25.9,18.1,0.0,1.88
2021-01-21,14.6,28.5,21.3,0.0,2.06
2021-01-22,16.6,24.9,20.7,0.0,3.01
2021-01-23,16.2,25.6,19.9,0.0,3.98
2021-01-24,13.4,26.6,18.9,0.0,2.91
2021-01-25,14.5,27.3,20.0,0.0,2.28
2021-01-26,16.1,25.5,19.6,0.0,3.7
2021-01-27,14.7,25.6,18.8,0.0,2.95
2021-01-28,13.5,20.4,16.6,0.0,4.94
2021-01-29,9.7,22.1,14.6,0.0,3.9
2021-01-30,7.7,24.0,14.8,0.0,1.97
2021-01-31,8.6,26.8,16.7,0.0,2.65
2021-02-01,11.2,27.4,18.4,0.0,2.06
2021-02-02,14.3,27.7,20.1,0.0,3.31
2021-02-03,14.4,26.9,19.5,0.0,1.96
2021-02-04,11.7,27.7,19.1,0.0,2.02
2021-02-05,11.8,27.9,19.1,0.0,2.12
2021-02-06,13.3,28.7,20.2,0.0,1.77
2021-02-07,13.0,29.3,20.3,0.0,1.78
2021-02-08,14.1,30.4,21.4,0.0,3.21
2021-02-09,17.7,22.3,19.5,1.9,4.3
2021-02-10,12.2,17.4,14.6,28.2,4.21
2021-02-11,13.4,19.9,16.0,0.2,3.73
2021-02-12,11.6,21.6,17.1,0.0,2.32
2021-02-13,12.4,24.1,18.5,0.0,1.97
2021-02-14,13.0,25.1,19.0,0.0,2.98
2021-02-15,12.4,28.0,19.0,0.0,2.2
2021-02-16,11.4,27.8,19.4,0.0,4.0
2021-02-17,15.0,23.9,19.0,0.0,4.7
2021-02-18,12.4,24.0,17.5,0.0,3.24
2021-02-19,9.0,24.5,16.3,0.0,2.42
2021-02-20,9.6,26.7,17.5,0.0,2.26
2021-02-21,11.7,27.7,19.1,0.0,3.01
2021-02-22,12.9,29.5,20.7,0.0,2.0
2021-02-23,15.4,30.9,22.3,0.0,2.7
2021-02-24,15.5,29.2,21.6,0.0,2.73
2021-02-25,17.0,25.2,20.5,2.4,2.48
2021-02-26,15.1,23.2,19.0,1.7,3.71
2021-02-27,12.8,16.6,15.0,2.0,3.86
2021-02-28,16.0,27.6,20.3,0.0,2.53
2021-03-01,17.0,28.3,22.2,2.7,3.4
2021-03-02,14.9,21.7,17.5,0.4,5.54
2021-03-03,15.3,22.9,18.2,0.0,2.83
2021-03-04,15.6,19.8,17.0,10.2,1.56
2021-03-05,15.5,23.6,19.2,2.5,2.82
2021-03-06,17.5,25.2,21.0,32.9,2.12
2021-03-07,16.5,21.2,18.5,0.0,3.58
2021-03-08,15.6,23.3,19.1,0.0,3.02
2021-03-09,16.6,23.4,20.3,0.0,1.86
2021-03-10,16.0,26.2,20.8,0.0,2.91
2021-03-11,17.9,26.6,22.0,1.3,1.84
2021-03-12,19.7,28.0,23.1,0.0,3.0
2021-03-13,19.1,26.3,22.2,0.6,1.77
2021-03-14,18.9,26.9,22.3,1.0,1.34
2021-03-15,17.3,29.6,22.7,0.0,3.3
2021-03-16,18.1,30.5,23.7,0.0,2.11
2021-03-17,18.2,32.3,24.7,0.0,2.91
2021-03-18,20.4,31.8,25.0,0.0,2.77
2021-03-19,19.5,31.6,24.9,0.0,2.92
2021-03-20,20.1,31.7,25.0,0.0,3.32
2021-03-21,13.6,20.7,16.2,0.0,5.8
2021-03-22,12.8,17.6,15.1,0.1,4.52
2021-03-23,13.7,20.4,16.5,2.5,2.33
2021-03-24,13.5,25.6,18.8,0.5,3.08
2021-03-25,13.2,30.1,21.4,0.0,2.58
2021-03-26,15.0,30.1,22.0,0.0,2.75
2021-03-27,19.0,30.2,24.4,0.0,3.77
2021-03-28,20.5,33.2,26.2,0.2,3.16
2021-03-29,21.4,31.6,26.0,0.1,5.02
2021-03-30,24.0,33.1,27.5,0.6,4.84
2021-03-31,24.2,30.8,26.7,0.0,4.75
2021-04-01,23.1,33.0,27.2,0.1,4.96
2021-04-02,22.6,33.6,27.5,0.0,3.16
2021-04-03,23.3,34.6,28.4,0.0,1.61
2021-04-04,21.2,28.1,24.9,0.1,4.34
2021-04-05,19.1,23.5,20.9,0.5,2.94
2021-04-06,19.4,30.5,24.6,0.0,1.94
2021-04-07,19.7,29.4,24.1,0.0,3.0
2021-04-08,19.0,23.8,21.2,1.8,3.38
2021-04-09,17.9,24.3,20.3,0.9,3.47
2021-04-10,17.1,29.5,23.0,0.0,1.84
2021-04-11,19.2,33.1,25.2,0.0,2.1
2021-04-12,19.2,31.0,25.5,0.0,3.44
2021-04-13,21.2,33.3,27.1,0.5,2.33
2021-04-14,24.0,31.1,26.8,0.5,3.51
2021-04-15,21.4,27.1,23.8,1.2,3.16
2021-04-16,21.4,25.5,23.1,3.8,1.92
2021-04-17,20.8,27.9,24.1,0.1,3.02
2021-04-18,22.3,30.4,25.4,0.5,2.35
2021-04-19,19.9,23.1,20.9,5.1,2.6
2021-04-20,18.9,26.9,22.7,0.2,2.35
2021-04-21,19.0,33.4,25.7,0.0,3.21
2021-04-22,20.4,32.8,26.6,0.0,3.2
2021-04-23,24.1,34.1,28.8,0.3,3.5
2021-04-24,23.9,32.7,27.3,0.5,3.48
2021-04-25,20.8,25.3,23.2,9.6,3.23
2021-04-26,21.0,27.9,23.8,1.9,2.42
2021-04-27,20.7,25.5,22.3,6.3,1.84
2021-04-28,19.5,24.3,21.9,18.3,3.2
2021-04-29,19.0,28.9,22.7,0.4,3.36
2021-04-30,16.5,32.6,24.4,0.0,2.33
2021-05-01,19.8,34.5,26.5,0.0,1.84
2021-05-02,21.6,34.7,26.8,0.1,4.01
2021-05-03,22.2,24.1,23.1,14.4,2.97
2021-05-04,22.4,30.4,25.7,5.9,3.55
2021-05-05,22.5,31.5,26.7,1.3,2.97
2021-05-06,22.8,31.2,26.5,0.0,2.44
2021-05-07,22.3,34.2,28.1,0.0,2.97
2021-05-08,23.7,35.4,29.0,0.3,3.83
2021-05-09,25.2,36.0,29.2,4.2,3.55
2021-05-10,25.3,35.0,29.4,0.1,4.2
2021-05-11,25.7,35.9,30.2,0.1,4.72
2021-05-12,26.7,34.9,29.5,3.5,4.38
2021-05-13,25.7,33.8,29.2,1.6,4.37
2021-05-14,26.5,34.7,29.6,2.1,4.05
2021-05-15,25.7,36.4,30.6,0.0,4.66
2021-05-16,26.6,36.9,31.2,0.2,4.61
2021-05-17,27.2,33.6,29.5,4.3,3.89
2021-05-18,25.8,32.8,28.6,4.6,3.89
2021-05-19,26.1,35.1,29.8,4.0,4.92
2021-05-20,27.0,35.9,30.7,0.3,5.1
2021-05-21,27.6,35.3,30.8,3.5,4.49
2021-05-22,26.9,36.8,31.5,0.8,3.98
2021-05-23,26.7,37.6,31.6,1.4,3.81
2021-05-24,27.1,32.9,29.3,15.4,2.11
2021-05-25,25.8,31.7,27.8,23.6,2.3
2021-05-26,25.8,32.8,29.0,1.1,3.76
2021-05-27,25.9,34.7,29.9,1.4,3.89
2021-05-28,26.6,36.0,31.2,0.3,4.79
2021-05-29,26.8,32.4,28.8,16.2,5.13
2021-05-30,25.8,34.4,29.2,7.2,4.87
2021-05-31,24.8,29.4,26.3,29.3,2.62
2021-06-01,24.4,27.9,25.7,30.3,2.4
2021-06-02,24.6,28.7,26.0,16.3,1.91
2021-06-03,24.6,33.7,28.9,2.0,3.42
2021-06-04,22.3,27.6,25.5,16.1,3.62
2021-06-05,21.6,30.4,25.7,0.1,2.56
2021-06-06,23.3,32.7,27.7,2.9,3.64
2021-06-07,24.6,32.8,28.2,3.6,2.33
2021-06-08,24.8,32.2,28.3,5.7,3.04
2021-06-09,25.2,30.6,27.7,19.2,2.3
2021-06-10,25.7,33.7,28.6,4.1,3.06
2021-06-11,26.3,31.8,28.4,10.5,4.18
2021-06-12,26.0,30.7,27.8,8.3,4.59
2021-06-13,25.6,32.4,28.4,2.4,3.81
2021-06-14,26.6,32.0,28.7,4.0,4.12
2021-06-15,26.2,33.3,29.4,1.3,3.36
2021-06-16,26.6,33.2,29.5,2.2,3.45
2021-06-17,26.7,34.2,30.0,1.8,3.98
2021-06-18,27.4,34.5,30.6,1.1,4.2
2021-06-19,27.8,34.8,30.9,2.0,4.48
2021-06-20,27.6,35.3,30.7,2.6,3.8
2021-06-21,26.5,33.7,29.2,4.4,3.68
2021-06-22,24.7,26.8,25.9,49.1,2.05
2021-06-23,24.5,29.7,26.1,44.6,2.1
2021-06-24,24.3,27.6,25.4,9.6,2.55
2021-06-25,24.7,29.9,26.4,3.7,2.56
2021-06-26,25.4,30.5,27.4,2.2,3.16
2021-06-27,25.9,31.9,27.8,9.3,3.66
2021-06-28,25.7,29.4,26.8,15.6,3.55
2021-06-29,26.0,30.0,27.3,9.8,3.68
2021-06-30,26.0,33.0,28.8,2.2,4.83
2021-07-01,27.0,32.6,29.3,1.8,4.65
2021-07-02,27.7,32.9,29.6,2.4,3.99
2021-07-03,27.7,33.7,30.0,1.6,3.76
2021-07-04,27.0,34.6,30.2,0.7,3.45
2021-07-05,25.4,34.6,29.7,0.9,2.97
2021-07-06,26.0,33.2,28.4,4.3,2.42
2021-07-07,25.6,32.5,28.4,5.4,4.26
2021-07-08,26.4,33.7,29.7,1.3,2.62
2021-07-09,25.1,34.4,29.8,0.2,2.2
2021-07-10,25.2,34.1,29.7,0.0,2.7
2021-07-11,25.8,34.0,29.8,0.1,3.2
2021-07-12,26.5,34.4,30.1,1.7,3.16
2021-07-13,26.4,33.9,29.8,2.4,2.52
2021-07-14,26.5,35.4,30.5,1.1,2.83
2021-07-15,26.4,35.3,29.9,1.5,2.5
2021-07-16,24.8,34.4,27.8,13.1,2.2
2021-07-17,24.5,32.7,27.8,1.7,2.73
2021-07-18,25.2,33.5,28.8,4.6,3.19
2021-07-19,25.5,29.7,27.4,11.7,4.93
2021-07-20,24.7,29.2,26.2,24.2,2.92
2021-07-21,25.7,31.6,27.8,1.8,4.19
2021-07-22,24.3,34.1,28.9,0.0,2.14
2021-07-23,25.1,36.6,30.2,2.9,2.62
2021-07-24,25.5,35.5,29.8,5.5,2.52
2021-07-25,25.9,34.4,30.0,0.5,2.55
2021-07-26,26.5,35.2,30.5,0.6,2.24
2021-07-27,27.3,36.4,31.1,0.0,3.45
2021-07-28,27.1,36.2,30.8,1.2,3.05
2021-07-29,26.1,32.9,28.5,7.3,2.83
2021-07-30,25.8,32.1,27.8,9.2,2.67
2021-07-31,25.8,34.1,28.4,7.2,3.32
2021-08-01,25.8,34.5,29.2,6.0,3.06
2021-08-02,26.4,34.0,29.3,20.3,2.12
2021-08-03,25.2,33.1,27.8,13.6,3.12
2021-08-04,25.8,33.3,28.5,5.8,4.05
2021-08-05,26.0,28.6,27.0,49.7,3.67
2021-08-06,26.1,31.2,27.7,28.2,3.36
2021-08-07,25.8,34.4,29.3,6.7,2.28
2021-08-08,27.0,33.4,28.9,11.6,2.12
2021-08-09,26.6,31.9,28.2,4.0,3.04
2021-08-10,25.8,30.7,27.8,11.0,2.32
2021-08-11,26.0,32.6,28.1,6.9,2.62
2021-08-12,26.7,33.1,28.7,10.4,2.67
2021-08-13,26.7,32.8,28.6,2.7,2.82
2021-08-14,26.1,31.3,27.6,5.9,2.48
2021-08-15,25.6,30.9,27.3,8.0,2.85
2021-08-16,25.2,32.2,28.0,5.1,2.27
2021-08-17,25.5,34.3,29.1,1.8,2.38
2021-08-18,24.9,28.8,26.7,7.1,1.25
2021-08-19,24.9,33.6,27.8,6.4,2.1
2021-08-20,25.3,33.0,28.5,2.5,2.09
2021-08-21,26.0,33.3,28.9,5.8,2.51
2021-08-22,25.9,33.7,29.3,3.4,2.31
2021-08-23,26.4,33.7,29.5,1.3,3.05
2021-08-24,26.7,32.4,29.0,4.1,3.19
2021-08-25,25.8,32.3,28.7,8.7,2.61
2021-08-26,25.7,33.1,28.9,4.1,2.42
2021-08-27,23.8,31.5,27.2,3.0,4.47
2021-08-28,23.3,31.9,27.2,3.7,2.19
2021-08-29,24.6,33.1,28.6,0.2,2.33
2021-08-30,24.1,33.6,28.2,4.9,2.37
2021-08-31,25.6,30.7,27.3,9.5,1.36
2021-09-01,25.1,32.5,27.8,4.3,2.92
2021-09-02,24.4,33.5,28.1,2.7,1.6
2021-09-03,25.4,33.8,28.7,4.5,1.57
2021-09-04,25.3,33.3,28.7,2.4,1.75
2021-09-05,25.2,34.0,28.8,2.6,2.2
2021-09-06,25.2,32.6,28.2,28.2,2.14
2021-09-07,25.0,34.1,28.8,3.2,1.61
2021-09-08,25.1,33.5,28.5,5.0,1.46
2021-09-09,24.7,34.8,29.2,2.4,1.98
2021-09-10,25.3,33.8,29.4,2.4,1.33
2021-09-11,26.4,35.3,30.2,0.4,3.04
2021-09-12,26.2,34.2,30.1,0.0,2.43
2021-09-13,25.9,35.2,29.9,0.6,1.84
2021-09-14,26.1,32.8,28.7,0.7,2.24
2021-09-15,25.1,33.1,28.9,0.3,2.95
2021-09-16,25.0,34.2,28.7,0.1,2.48
2021-09-17,24.7,33.8,28.1,4.6,1.77
2021-09-18,25.1,33.4,28.7,1.2,2.2
2021-09-19,26.4,33.0,29.4,1.4,2.73
2021-09-20,25.4,31.5,28.4,3.5,2.06
2021-09-21,24.8,34.0,28.3,3.8,2.0
2021-09-22,25.2,32.3,28.0,4.1,2.88
2021-09-23,25.3,33.1,28.4,0.2,3.08
2021-09-24,24.3,34.0,28.6,0.7,3.2
2021-09-25,24.4,34.8,28.7,0.6,2.22
2021-09-26,23.9,35.2,28.9,0.0,1.58
2021-09-27,24.3,33.9,28.7,0.4,1.66
2021-09-28,25.2,34.1,28.8,1.3,1.63
2021-09-29,26.7,35.7,29.9,0.7,2.05
2021-09-30,26.3,36.3,29.6,5.7,1.92
2021-10-01,25.3,32.4,27.5,11.0,1.9
2021-10-02,24.7,33.7,27.8,10.1,1.84
2021-10-03,24.9,33.1,28.1,2.4,2.25
2021-10-04,23.7,33.9,27.9,0.0,2.47
2021-10-05,23.1,34.4,28.2,0.0,3.08
2021-10-06,22.2,35.3,28.6,0.0,3.13
2021-10-07,24.7,34.4,28.6,0.4,4.83
2021-10-08,24.2,27.2,25.5,69.6,4.52
2021-10-09,23.9,26.6,25.2,52.5,5.07
2021-10-10,23.7,32.2,27.5,2.5,3.5
2021-10-11,22.7,29.6,26.5,0.0,6.52
2021-10-12,21.9,24.4,23.1,0.5,8.41
2021-10-13,21.9,26.0,24.1,16.5,6.49
2021-10-14,23.4,29.1,25.6,1.0,3.13
2021-10-15,22.9,25.3,24.0,42.6,2.96
2021-10-16,21.1,26.4,23.4,0.0,5.61
2021-10-17,18.2,22.4,20.4,0.0,5.85
2021-10-18,17.0,25.6,20.4,0.0,3.31
2021-10-19,17.4,29.1,23.0,0.0,1.97
2021-10-20,21.3,29.9,25.2,0.0,2.57
2021-10-21,15.7,23.7,19.3,0.9,5.03
2021-10-22,14.2,17.3,15.8,2.9,5.24
2021-10-23,15.8,18.3,16.9,0.0,3.23
2021-10-24,16.6,21.9,18.6,0.0,4.47
2021-10-25,16.7,24.6,20.1,0.0,3.09
2021-10-26,17.0,28.8,22.7,0.0,2.56
2021-10-27,21.6,28.8,24.4,0.0,2.55
2021-10-28,22.0,28.2,24.2,0.4,2.56
2021-10-29,20.6,28.3,23.9,0.0,2.27
2021-10-30,19.9,22.8,21.0,1.2,2.95
2021-10-31,18.6,25.1,21.8,2.4,2.24
2021-11-01,19.2,27.7,23.2,0.0,2.55
2021-11-02,20.4,27.0,23.4,0.0,2.52
2021-11-03,21.3,26.2,23.3,0.0,2.93
2021-11-04,20.7,28.0,24.2,0.0,1.68
2021-11-05,21.0,30.3,25.2,0.4,2.77
2021-11-06,21.5,29.5,25.1,0.0,1.71
2021-11-07,16.4,29.3,24.3,5.8,5.71
2021-11-08,13.3,17.5,15.3,0.0,7.2
2021-11-09,12.4,21.0,15.8,0.0,4.87
2021-11-10,13.1,22.7,17.0,0.0,4.09
2021-11-11,10.9,24.2,17.1,0.0,2.92
2021-11-12,14.7,23.8,18.8,0.6,2.82
2021-11-13,15.3,24.1,19.2,0.0,3.27
2021-11-14,13.9,24.9,18.4,0.0,3.5
2021-11-15,13.6,22.1,17.6,0.0,1.8
2021-11-16,14.2,25.3,19.8,0.2,2.55
2021-11-17,17.4,24.9,20.2,0.0,3.41
2021-11-18,16.8,21.6,18.7,0.3,3.23
2021-11-19,15.9,26.6,20.5,0.0,1.58
2021-11-20,18.2,28.0,22.3,0.0,2.28
2021-11-21,17.9,28.3,22.7,0.0,2.2
2021-11-22,12.7,21.2,15.9,0.2,6.26
2021-11-23,12.1,17.0,13.7,0.0,4.84
2021-11-24,11.1,22.2,15.7,0.0,2.92
2021-11-25,11.9,25.0,17.7,0.0,2.21
2021-11-26,12.7,25.7,18.6,0.0,3.22
2021-11-27,13.3,25.3,18.7,0.0,3.38
2021-11-28,13.6,26.2,19.1,0.0,3.38
2021-11-29,15.0,26.9,20.2,0.0,3.51
2021-11-30,13.9,22.0,18.4,0.0,6.94
2021-12-01,10.9,19.1,14.2,0.0,5.07
2021-12-02,8.3,20.3,13.4,0.0,3.88
2021-12-03,7.1,21.6,13.7,0.0,4.37
2021-12-04,7.2,21.8,13.6,0.0,2.88
2021-12-05,7.4,22.4,14.0,0.0,2.92
2021-12-06,8.2,23.0,14.9,0.0,3.76
2021-12-07,9.4,24.3,16.5,0.0,3.54
2021-12-08,11.6,26.0,18.5,0.0,2.2
2021-12-09,12.6,24.8,18.0,0.0,2.73
2021-12-10,12.1,25.6,18.0,0.0,2.38
2021-12-11,13.2,26.6,18.8,0.0,2.47
2021-12-12,13.4,25.6,18.7,0.0,5.12
2021-12-13,13.8,21.3,16.5,0.0,4.4
2021-12-14,12.0,24.3,17.8,0.0,1.92
2021-12-15,17.1,23.6,20.4,1.3,3.29
2021-12-16,18.5,27.2,22.1,4.3,2.1
2021-12-17,14.2,20.5,18.2,2.2,5.63
2021-12-18,12.9,19.2,15.2,0.0,4.56
2021-12-19,10.3,18.4,14.1,0.0,3.61
2021-12-20,11.7,14.9,13.3,8.3,3.25
2021-12-21,12.0,15.5,13.6,21.6,3.58
2021-12-22,13.6,20.2,16.5,0.0,2.64
2021-12-23,15.3,20.4,17.1,1.2,1.66
2021-12-24,15.7,22.6,18.2,0.3,2.64
2021-12-25,13.1,19.2,15.7,0.0,4.27
2021-12-26,5.9,13.0,10.7,2.1,5.07
2021-12-27,4.9,11.3,7.7,3.4,4.46
2021-12-28,8.0,16.0,11.4,0.0,3.0
2021-12-29,9.4,17.9,13.2,0.0,3.71
2021-12-30,11.2,19.7,14.5,0.0,3.44
2021-12-31,11.1,19.9,14.9,0.0,3.18
2022-01-01,10.9,21.5,15.7,0.0,2.31
2022-01-02,11.1,22.0,15.8,0.0,3.04
2022-01-03,10.6,23.7,16.4,0.0,2.2
2022-01-04,11.5,25.5,17.5,0.0,1.87
2022-01-05,16.2,25.1,20.1,2.3,2.69
2022-01-06,15.2,21.8,17.8,0.0,4.3
2022-01-07,13.1,20.8,16.2,0.0,3.4
2022-01-08,10.6,21.0,15.3,0.0,2.64
2022-01-09,11.8,17.3,14.3,0.0,3.34
2022-01-10,11.1,17.9,14.2,0.0,3.74
2022-01-11,10.2,14.9,12.4,0.3,5.44
2022-01-12,9.8,16.9,13.3,0.0,2.47
2022-01-13,11.4,18.0,14.4,0.0,4.18
2022-01-14,8.8,17.9,13.6,0.0,1.97
2022-01-15,11.6,22.8,17.2,0.0,1.52
2022-01-16,13.1,26.0,18.5,0.0,2.25
2022-01-17,13.5,19.6,15.8,0.0,3.52
2022-01-18,12.0,17.5,14.1,0.1,2.83
2022-01-19,11.2,19.6,14.6,0.0,2.97
2022-01-20,8.0,22.5,15.0,0.0,2.05
2022-01-21,12.7,24.8,17.9,0.2,2.24
2022-01-22,15.5,19.7,17.1,4.0,1.8
2022-01-23,15.9,20.6,18.1,0.8,1.51
2022-01-24,15.7,19.4,17.5,1.3,3.4
2022-01-25,13.1,21.1,16.3,0.0,3.01
2022-01-26,14.5,23.2,18.2,0.2,1.8
2022-01-27,17.3,25.7,20.7,1.2,1.73
2022-01-28,14.7,22.2,17.7,0.0,3.02
2022-01-29,10.2,17.2,13.6,0.0,4.4
2022-01-30,7.0,14.6,10.2,0.8,5.42
2022-01-31,7.1,12.5,9.0,1.7,3.77
2022-02-01,7.9,9.8,8.9,6.6,3.55
2022-02-02,8.0,11.4,9.7,2.8,3.45
2022-02-03,7.1,9.7,8.4,10.4,3.81
2022-02-04,7.9,13.8,9.9,0.1,4.24
2022-02-05,8.1,14.6,11.0,0.0,3.26
2022-02-06,10.2,18.7,13.8,0.0,2.67
2022-02-07,12.3,16.1,13.8,4.9,3.9
2022-02-08,9.9,14.4,11.8,0.2,4.17
2022-02-09,9.0,17.4,11.8,0.5,3.49
2022-02-10,9.9,19.3,13.7,1.1,2.15
2022-02-11,12.5,24.4,18.1,0.0,2.13
2022-02-12,13.7,22.2,17.1,0.0,3.18
2022-02-13,10.6,15.2,12.6,1.8,4.11
2022-02-14,9.7,19.2,13.6,0.0,4.21
2022-02-15,11.5,21.2,15.7,0.0,2.48
2022-02-16,11.8,23.8,17.1,0.0,2.1
2022-02-17,14.2,16.9,15.3,1.8,1.9
2022-02-18,10.2,21.7,15.9,2.3,3.31
2022-02-19,6.2,10.0,7.8,20.2,5.42
2022-02-20,5.2,6.3,5.8,32.8,5.5
2022-02-21,5.1,6.9,6.0,19.2,4.57
2022-02-22,5.9,8.1,6.6,12.2,4.02
2022-02-23,5.5,12.0,7.8,11.6,4.41
2022-02-24,6.9,15.2,10.4,0.0,3.83
2022-02-25,7.4,20.0,13.1,0.0,1.75
2022-02-26,9.2,23.1,15.5,0.0,1.84
2022-02-27,11.3,25.4,17.6,0.0,2.72
2022-02-28,11.4,25.7,18.4,0.0,2.91
2022-03-01,16.3,29.0,21.9,0.0,2.52
2022-03-02,16.2,26.0,21.0,0.4,3.28
2022-03-03,18.3,27.7,21.9,0.2,2.5
2022-03-04,16.7,27.9,21.9,0.0,2.21
2022-03-05,16.5,28.8,22.5,0.1,2.3
2022-03-06,17.9,24.3,20.7,1.0,2.94
2022-03-07,14.4,22.0,18.4,5.5,5.83
2022-03-08,10.8,24.1,16.1,0.0,2.48
2022-03-09,7.4,25.7,16.1,0.0,2.47
2022-03-10,11.1,28.2,19.3,0.0,2.06
2022-03-11,14.7,27.2,20.8,0.0,1.5
2022-03-12,15.1,29.7,22.1,0.0,3.11
2022-03-13,19.8,29.1,23.9,1.1,2.33
2022-03-14,18.6,32.2,24.8,0.0,1.57
2022-03-15,19.7,32.4,25.4,0.2,2.25
2022-03-16,19.8,30.3,24.8,0.0,3.14
2022-03-17,22.0,29.2,24.8,1.4,4.08
2022-03-18,20.8,28.5,23.9,0.0,3.92
2022-03-19,19.5,29.6,24.1,0.8,3.31
2022-03-20,20.8,26.0,22.6,1.5,3.56
2022-03-21,20.6,30.3,24.7,0.6,4.71
2022-03-22,13.8,28.2,23.3,14.5,5.08
2022-03-23,12.1,14.0,13.0,32.8,4.16
2022-03-24,13.0,17.3,14.9,28.2,1.93
2022-03-25,15.8,23.5,20.2,8.5,4.18
2022-03-26,18.3,26.4,23.6,27.6,4.34
2022-03-27,14.9,22.4,18.3,7.2,4.06
2022-03-28,13.1,15.3,14.3,11.1,3.05
2022-03-29,14.8,21.6,18.0,15.1,1.92
2022-03-30,17.3,28.7,22.4,1.8,2.2
2022-03-31,19.5,30.0,24.4,14.2,3.91
2022-04-01,13.5,19.1,16.1,1.5,5.25
2022-04-02,11.2,14.3,12.8,6.3,4.59
2022-04-03,12.4,23.8,17.0,0.0,3.8
2022-04-04,9.6,25.8,17.3,0.0,2.69
2022-04-05,9.3,27.8,19.0,0.0,1.92
2022-04-06,14.3,28.3,21.4,0.0,1.73
2022-04-07,17.4,28.7,22.9,0.1,2.97
2022-04-08,15.6,30.3,22.4,0.0,1.89
2022-04-09,13.3,30.2,21.8,0.0,1.9
2022-04-10,14.9,30.9,22.8,0.0,2.28
2022-04-11,17.7,30.3,24.1,0.8,1.88
2022-04-12,19.2,30.4,25.2,0.1,3.07
2022-04-13,22.2,27.7,24.2,3.0,3.36
2022-04-14,19.0,28.1,23.2,0.0,3.96
2022-04-15,20.4,29.3,24.5,0.3,2.55
2022-04-16,17.0,23.9,20.9,1.1,3.26
2022-04-17,16.0,25.0,19.7,0.2,3.11
2022-04-18,16.0,18.8,17.5,3.6,3.01
2022-04-19,14.7,16.5,15.5,3.0,2.6
2022-04-20,16.0,21.9,18.7,2.6,1.8
2022-04-21,18.1,28.8,23.4,0.1,3.19
2022-04-22,20.9,30.6,25.3,0.0,3.79
2022-04-23,22.1,30.9,25.6,2.7,2.97
2022-04-24,22.5,32.0,26.6,0.7,3.58
2022-04-25,24.8,31.9,27.7,0.4,4.71
2022-04-26,24.1,30.8,27.4,1.1,4.43
2022-04-27,24.3,33.1,28.2,0.3,3.64
2022-04-28,25.1,33.2,28.5,0.7,4.34
2022-04-29,23.3,32.9,27.6,0.8,3.13
2022-04-30,20.0,28.7,24.8,3.3,2.79
2022-05-01,15.0,19.7,16.8,22.8,4.65
2022-05-02,14.5,19.3,16.6,10.8,4.43
2022-05-03,14.7,27.9,20.9,0.0,3.36
2022-05-04,17.5,29.9,23.2,0.0,1.66
2022-05-05,17.9,31.2,24.4,0.0,1.9
2022-05-06,19.7,30.5,25.1,0.0,2.1
2022-05-07,21.8,29.2,24.4,19.6,1.4
2022-05-08,20.9,24.8,22.6,6.5,1.96
2022-05-09,20.2,27.2,23.7,5.0,1.36
2022-05-10,21.5,25.0,23.5,13.7,3.83
2022-05-11,22.9,26.4,24.2,25.7,3.14
2022-05-12,23.6,25.0,24.3,43.0,4.89
2022-05-13,21.9,24.8,23.8,66.8,3.3
2022-05-14,21.1,23.1,22.0,5.9,2.33
2022-05-15,17.8,22.0,20.2,15.0,3.8
2022-05-16,16.8,19.4,18.0,4.4,4.03
2022-05-17,15.2,27.7,21.2,0.0,2.52
2022-05-18,16.1,30.2,23.0,0.0,1.77
2022-05-19,21.0,30.2,25.5,0.0,1.39
2022-05-20,22.7,31.2,26.9,0.7,2.91
2022-05-21,23.7,29.1,25.5,10.7,2.14
2022-05-22,22.2,27.0,24.3,3.9,1.98
2022-05-23,22.1,28.1,24.8,1.2,2.75
2022-05-24,22.9,26.5,24.7,7.6,2.1
2022-05-25,23.7,28.9,26.2,1.9,1.84
2022-05-26,24.2,30.1,26.6,18.3,2.3
2022-05-27,24.7,27.6,25.5,19.9,3.61
2022-05-28,24.7,30.8,27.1,10.0,4.0
2022-05-29,25.5,31.5,28.3,2.6,3.52
2022-05-30,25.6,31.3,27.9,8.5,2.56
2022-05-31,25.3,30.5,27.2,5.9,3.3
2022-06-01,25.0,30.9,27.3,9.1,3.1
2022-06-02,25.5,31.3,27.6,11.8,3.93
2022-06-03,25.6,31.0,27.0,25.9,3.93
2022-06-04,25.9,30.9,28.3,8.0,4.62
2022-06-05,26.9,31.6,28.6,5.9,4.18
2022-06-06,24.6,29.6,27.1,23.7,2.97
2022-06-07,23.8,29.0,25.4,38.6,3.05
2022-06-08,23.5,26.4,24.9,18.3,4.0
2022-06-09,23.7,26.2,25.0,16.5,3.7
2022-06-10,24.6,29.5,26.0,25.8,3.23
2022-06-11,24.5,28.0,25.7,20.3,3.81
2022-06-12,23.8,28.0,25.6,21.4,4.08
2022-06-13,24.8,29.6,26.7,29.7,3.72
2022-06-14,24.2,25.6,24.9,40.7,3.61
2022-06-15,23.8,27.6,24.8,16.3,2.02
2022-06-16,23.5,26.9,25.1,33.9,3.19
2022-06-17,24.9,29.2,26.8,17.1,3.27
2022-06-18,25.5,30.0,27.3,1.6,3.97
2022-06-19,25.8,30.3,27.3,6.9,3.89
2022-06-20,26.2,28.7,27.3,9.2,3.81
2022-06-21,26.1,29.0,27.5,1.7,3.11
2022-06-22,25.8,33.2,29.1,0.2,3.62
2022-06-23,25.4,34.3,28.9,4.8,2.55
2022-06-24,25.2,33.6,29.0,0.9,2.69
2022-06-25,25.0,33.2,28.5,3.4,2.75
2022-06-26,25.4,32.4,28.5,3.7,2.91
2022-06-27,25.4,33.3,29.1,0.7,3.57
2022-06-28,25.6,34.6,29.9,0.3,2.5
2022-06-29,26.3,32.8,29.2,5.5,2.79
2022-06-30,26.3,31.0,28.0,10.8,3.79
2022-07-01,25.7,31.2,27.6,15.4,5.41
2022-07-02,25.7,27.9,26.5,20.9,5.3
2022-07-03,26.0,29.7,27.5,12.7,4.96
2022-07-04,26.5,28.3,27.3,16.3,4.62
2022-07-05,26.4,28.2,27.1,24.1,3.96
2022-07-06,25.5,28.7,26.7,13.2,3.08
2022-07-07,25.5,30.5,27.2,6.0,3.49
2022-07-08,24.6,33.2,28.2,8.6,2.34
2022-07-09,25.3,34.6,29.1,1.9,2.27
2022-07-10,25.7,34.3,29.7,1.4,2.22
2022-07-11,25.5,34.3,29.8,1.3,2.25
2022-07-12,25.5,34.6,29.9,0.6,1.48
2022-07-13,25.1,35.4,30.1,0.0,1.39
2022-07-14,26.3,34.9,30.1,1.3,1.75
2022-07-15,26.7,34.0,29.6,2.1,3.14
2022-07-16,27.2,34.3,29.9,3.0,3.52
2022-07-17,27.8,32.6,29.9,4.0,3.89
2022-07-18,28.3,33.8,30.1,2.3,3.55
2022-07-19,27.2,32.5,29.5,0.7,2.98
2022-07-20,26.8,34.1,30.1,2.3,3.41
2022-07-21,25.2,34.7,30.1,1.7,2.5
2022-07-22,26.2,35.9,30.9,0.4,1.9
2022-07-23,26.6,36.0,31.0,0.2,2.1
2022-07-24,26.8,36.5,31.1,0.0,1.9
2022-07-25,27.0,36.8,31.5,0.1,1.72
2022-07-26,27.8,35.1,30.9,1.1,2.27
2022-07-27,26.3,35.5,30.4,0.4,2.06
2022-07-28,25.7,36.2,30.9,0.0,2.12
2022-07-29,26.9,35.7,30.6,0.2,2.26
2022-07-30,26.2,34.9,29.4,0.0,2.62
2022-07-31,24.8,35.8,29.8,0.3,2.02
2022-08-01,26.4,35.6,30.3,0.3,1.55
2022-08-02,26.0,36.7,29.9,2.9,2.38
2022-08-03,25.8,29.4,27.3,10.2,2.06
2022-08-04,25.4,26.5,25.8,17.1,3.85
2022-08-05,24.8,31.1,27.3,8.7,4.09
2022-08-06,24.9,33.3,28.2,5.9,2.55
2022-08-07,24.5,35.0,29.0,1.8,2.97
2022-08-08,26.0,34.0,28.9,9.5,3.35
2022-08-09,23.7,29.6,26.1,15.1,4.5
2022-08-10,24.8,28.7,26.5,9.7,4.96
2022-08-11,24.8,31.5,27.3,4.9,3.28
2022-08-12,24.1,30.5,26.3,10.5,2.63
2022-08-13,24.4,31.4,27.6,12.3,2.35
2022-08-14,25.5,34.1,29.0,3.8,1.61
2022-08-15,26.4,35.4,30.0,1.1,1.22
2022-08-16,26.5,34.3,29.6,5.0,2.39
2022-08-17,25.6,32.4,28.2,13.4,2.91
2022-08-18,24.8,31.4,27.5,8.0,2.12
2022-08-19,25.0,31.4,28.0,2.1,2.86
2022-08-20,25.1,31.2,27.7,1.8,4.44
2022-08-21,24.0,33.0,28.2,0.9,2.69
2022-08-22,25.0,33.6,29.1,0.6,2.66
2022-08-23,25.1,36.0,30.2,0.2,1.62
2022-08-24,26.1,35.2,29.7,0.3,5.12
2022-08-25,24.7,29.8,26.7,8.7,4.8
2022-08-26,24.0,32.6,27.9,5.5,2.47
2022-08-27,25.3,33.9,29.2,0.0,2.4
2022-08-28,26.6,33.7,29.0,8.5,3.04
2022-08-29,26.2,32.2,28.6,9.3,1.94
2022-08-30,25.7,32.4,28.4,6.9,1.3
2022-08-31,26.0,33.0,28.5,13.8,2.82
2022-09-01,25.5,31.2,27.8,3.7,2.94
2022-09-02,24.8,30.4,27.4,0.0,5.3
2022-09-03,23.8,32.5,28.1,0.0,4.0
2022-09-04,24.3,32.4,28.2,0.0,4.41
2022-09-05,24.8,31.9,28.1,0.0,3.23
2022-09-06,24.6,34.0,28.6,0.6,2.5
2022-09-07,25.5,30.0,27.2,1.6,2.75
2022-09-08,24.8,33.5,27.7,5.7,2.25
2022-09-09,23.8,33.0,28.0,0.2,1.77
2022-09-10,24.0,33.8,27.9,0.4,2.06
2022-09-11,25.2,33.9,28.8,0.0,2.44
2022-09-12,23.1,34.8,28.5,0.0,2.91
2022-09-13,22.6,34.9,28.7,0.0,3.58
2022-09-14,23.0,34.2,28.6,0.0,3.88
2022-09-15,22.5,34.4,28.4,0.0,3.3
2022-09-16,24.4,35.3,29.1,0.0,2.69
2022-09-17,22.6,35.4,28.6,0.0,1.77
2022-09-18,24.6,36.4,30.0,0.0,2.2
2022-09-19,26.0,37.4,30.9,0.0,2.7
2022-09-20,25.2,34.4,29.0,1.1,3.07
2022-09-21,25.2,32.5,27.7,2.9,1.43
2022-09-22,24.0,33.5,28.0,0.2,1.36
2022-09-23,23.8,34.4,28.6,0.0,3.01
2022-09-24,24.8,31.8,27.7,0.6,2.28
2022-09-25,23.0,35.2,28.5,0.0,2.9
2022-09-26,23.0,35.6,29.0,0.0,3.26
2022-09-27,25.8,34.7,29.6,0.1,4.3
2022-09-28,24.5,36.3,29.9,0.0,3.42
2022-09-29,24.6,35.3,29.1,0.0,3.19
2022-09-30,25.5,32.5,28.5,0.9,4.14
2022-10-01,25.2,33.0,28.5,0.3,3.41
2022-10-02,24.3,34.6,28.7,0.3,3.11
2022-10-03,24.1,36.1,29.5,0.0,1.77
2022-10-04,24.7,37.4,30.1,0.2,2.31
2022-10-05,26.6,35.4,30.0,0.6,3.45
2022-10-06,24.7,34.6,29.1,0.0,2.5
2022-10-07,24.0,31.4,27.1,0.0,3.77
2022-10-08,21.5,31.0,25.5,0.0,3.31
2022-10-09,20.9,30.0,24.9,0.0,5.6
2022-10-10,19.5,26.7,22.4,0.0,6.14
2022-10-11,17.5,27.4,22.0,0.0,4.12
2022-10-12,16.3,28.8,22.2,0.0,3.94
2022-10-13,17.7,30.5,24.3,0.0,3.89
2022-10-14,20.0,30.9,25.1,0.0,3.68
2022-10-15,20.3,31.2,25.7,0.0,4.02
2022-10-16,23.7,30.7,26.9,0.0,6.04
2022-10-17,24.3,26.7,25.7,0.0,7.16
2022-10-18,17.4,25.8,21.2,7.9,5.87
2022-10-19,19.2,26.5,22.4,0.0,4.4
2022-10-20,18.5,30.1,23.2,0.0,3.05
2022-10-21,17.7,32.4,24.6,0.0,2.25
2022-10-22,17.8,32.7,25.2,0.0,3.68
2022-10-23,22.2,32.5,26.6,0.0,3.55
2022-10-24,20.6,32.6,25.7,0.0,2.82
2022-10-25,18.1,30.5,23.8,0.0,2.65
2022-10-26,16.5,30.6,22.9,0.0,1.66
2022-10-27,17.2,31.6,24.2,0.0,2.53
2022-10-28,20.4,30.1,25.0,0.0,3.86
2022-10-29,21.5,28.9,24.6,0.0,5.05
2022-10-30,21.0,28.4,24.2,0.0,5.85
2022-10-31,21.4,27.8,24.4,0.0,7.18
2022-11-01,17.6,24.6,20.8,19.1,6.07
2022-11-02,17.7,18.7,18.1,40.8,5.64
2022-11-03,18.1,21.9,20.2,5.9,4.24
2022-11-04,18.7,21.7,20.2,0.4,3.76
2022-11-05,17.1,21.2,18.8,0.0,3.4
2022-11-06,16.1,21.2,18.7,4.3,2.19
2022-11-07,17.4,22.8,19.8,9.9,2.47
2022-11-08,18.4,22.9,20.5,9.2,2.11
2022-11-09,19.8,27.9,23.2,0.7,1.92
2022-11-10,19.7,29.7,24.2,0.2,1.5
2022-11-11,20.5,30.9,24.4,0.0,1.58
2022-11-12,19.6,29.7,23.8,0.0,1.51
2022-11-13,19.2,31.7,24.6,0.2,1.92
2022-11-14,21.6,29.3,24.3,0.2,3.0
2022-11-15,21.2,26.2,23.2,0.0,2.38
2022-11-16,20.5,26.4,22.8,0.1,1.8
2022-11-17,19.9,28.9,24.0,0.1,1.92
2022-11-18,20.4,30.1,24.3,0.0,1.78
2022-11-19,19.9,28.4,23.6,0.0,3.83
2022-11-20,19.3,29.1,23.2,0.0,3.13
2022-11-21,19.6,29.4,24.0,0.2,3.65
2022-11-22,20.9,24.7,23.0,11.5,2.92
2022-11-23,20.9,23.0,22.1,9.6,3.5
2022-11-24,19.4,21.5,20.5,5.2,2.21
2022-11-25,19.6,22.4,20.5,9.4,2.34
2022-11-26,19.6,22.7,20.8,7.7,2.48
2022-11-27,20.3,24.0,21.9,0.1,3.94
2022-11-28,21.6,27.9,24.3,0.6,4.69
2022-11-29,21.8,29.8,25.4,0.0,1.87
2022-11-30,11.3,23.5,16.2,0.0,5.54
2022-12-01,7.9,11.2,9.4,0.2,6.13
2022-12-02,6.9,15.2,10.4,0.0,5.06
2022-12-03,9.8,17.9,13.8,0.0,2.59
2022-12-04,12.8,18.3,15.2,0.2,3.96
2022-12-05,10.8,15.6,12.6,0.0,5.57
2022-12-06,10.2,15.6,12.2,0.0,4.05
2022-12-07,10.5,19.3,14.0,0.0,3.54
2022-12-08,10.9,21.6,15.2,0.0,3.4
2022-12-09,12.1,20.6,15.5,0.0,3.95
2022-12-10,12.6,19.9,15.3,0.0,4.13
2022-12-11,12.9,16.6,13.9,0.5,5.22
2022-12-12,11.6,15.6,13.2,0.0,5.32
2022-12-13,8.9,13.9,11.4,2.2,4.4
2022-12-14,7.9,10.0,9.0,10.7,4.48
2022-12-15,9.5,12.6,11.1,9.2,2.28
2022-12-16,12.5,15.9,13.6,7.4,5.22
2022-12-17,8.9,12.6,10.5,1.4,6.79
2022-12-18,6.3,12.5,8.7,0.0,6.3
2022-12-19,3.5,17.0,9.1,0.0,2.48
2022-12-20,4.2,20.2,11.8,0.0,2.38
2022-12-21,11.7,19.3,14.9,0.0,4.8
2022-12-22,6.8,20.2,13.1,0.0,3.7
2022-12-23,9.8,19.5,14.1,0.0,4.07
2022-12-24,7.1,19.6,12.3,0.0,3.81
2022-12-25,5.6,20.0,11.5,0.0,2.69
2022-12-26,5.4,20.6,12.1,0.0,2.66
2022-12-27,8.3,21.0,13.6,0.0,2.37
2022-12-28,10.8,19.2,14.0,0.0,4.22
2022-12-29,9.3,14.4,11.6,0.0,4.15
2022-12-30,7.5,14.8,10.6,0.0,4.71
2022-12-31,7.6,17.5,11.7,0.0,3.81
2023-01-01,9.0,15.7,12.5,0.6,3.05
2023-01-02,12.3,15.9,14.0,1.3,4.0
2023-01-03,10.7,15.6,13.5,1.7,3.96
2023-01-04,12.0,19.6,15.2,0.6,2.6
2023-01-05,13.3,22.2,16.9,0.0,3.07
2023-01-06,13.7,22.0,17.1,0.0,5.03
2023-01-07,12.4,23.3,17.0,0.0,3.27
2023-01-08,13.6,20.4,16.0,1.4,2.13
2023-01-09,14.4,16.5,15.3,5.2,2.9
2023-01-10,15.2,16.2,15.7,1.9,3.16
2023-01-11,15.4,19.4,16.9,2.0,2.55
2023-01-12,16.3,21.5,18.9,1.3,2.56
2023-01-13,19.1,23.7,21.1,3.2,2.9
2023-01-14,19.2,27.3,22.5,2.7,3.67
2023-01-15,7.9,19.1,12.7,0.1,5.95
2023-01-16,6.5,8.2,7.4,0.0,5.57
2023-01-17,7.0,12.6,9.5,0.0,4.14
2023-01-18,8.0,15.5,10.9,0.0,4.05
2023-01-19,6.5,19.5,12.4,0.0,2.61
2023-01-20,11.7,17.6,14.4,0.1,3.19
2023-01-21,12.4,16.1,14.4,1.0,1.78
2023-01-22,13.7,19.4,15.8,7.0,1.84
2023-01-23,13.0,21.5,16.2,0.0,4.81
2023-01-24,7.9,14.0,11.5,0.0,7.45
2023-01-25,4.5,13.0,8.2,0.0,4.34
2023-01-26,8.2,18.9,13.4,0.0,3.36
2023-01-27,10.2,15.0,11.9,0.0,6.38
2023-01-28,6.1,14.3,9.5,0.0,5.2
2023-01-29,3.6,16.3,9.1,0.0,3.51
2023-01-30,2.6,21.7,10.3,0.0,2.2
2023-01-31,3.1,23.0,13.4,0.0,2.5
2023-02-01,13.0,25.3,18.4,0.0,1.75
2023-02-02,13.0,26.1,19.5,0.0,2.42
2023-02-03,14.6,23.7,18.6,0.0,2.69
2023-02-04,15.4,17.2,16.2,8.2,2.19
2023-02-05,14.2,16.9,15.3,8.9,2.06
2023-02-06,14.6,21.4,17.6,0.9,1.77
2023-02-07,17.1,23.7,19.7,0.4,2.83
2023-02-08,16.9,24.5,20.2,0.2,2.98
2023-02-09,17.4,24.9,20.6,0.0,2.62
2023-02-10,17.7,23.6,20.3,0.2,2.33
2023-02-11,18.1,25.4,20.9,0.2,4.01
2023-02-12,18.2,26.2,21.7,0.0,4.37
2023-02-13,15.8,27.8,20.4,0.9,5.24
2023-02-14,10.4,15.4,12.8,3.6,5.61
2023-02-15,8.6,17.2,12.2,0.0,4.65
2023-02-16,8.0,20.7,13.3,0.0,2.33
2023-02-17,9.9,24.5,16.5,0.0,1.62
2023-02-18,10.9,28.0,18.8,0.0,1.48
2023-02-19,16.6,26.6,21.0,0.4,5.01
2023-02-20,14.9,23.7,18.7,0.0,4.12
2023-02-21,13.1,24.0,17.8,0.0,3.02
2023-02-22,9.3,22.7,15.8,0.0,2.15
2023-02-23,9.9,25.1,16.6,0.0,2.0
2023-02-24,13.0,23.3,16.9,0.0,5.06
2023-02-25,11.3,16.4,13.3,0.0,5.15
2023-02-26,11.1,20.4,14.7,0.0,3.94
2023-02-27,7.8,23.0,14.6,0.0,2.41
2023-02-28,8.2,25.1,15.7,0.0,1.88
2023-03-01,9.6,27.4,18.8,0.0,2.91
2023-03-02,14.8,25.8,19.7,0.0,3.45
2023-03-03,11.2,26.3,18.5,0.0,3.11
2023-03-04,15.8,25.0,19.5,0.0,2.64
2023-03-05,11.0,26.6,18.2,0.0,1.92
2023-03-06,8.9,27.4,17.9,0.0,2.14
2023-03-07,10.3,27.5,18.2,0.0,2.2
2023-03-08,10.7,26.6,18.8,0.0,3.04
2023-03-09,16.5,27.6,21.7,0.0,2.92
2023-03-10,15.0,30.2,22.1,0.0,3.14
2023-03-11,14.0,29.4,21.0,0.0,2.8
2023-03-12,17.1,24.9,20.5,0.1,5.84
2023-03-13,13.9,19.5,17.6,0.0,4.78
2023-03-14,10.7,26.5,18.1,0.0,4.18
2023-03-15,14.9,26.8,20.4,0.0,2.04
2023-03-16,14.7,30.8,22.0,0.0,3.22
2023-03-17,16.3,28.8,22.1,0.0,2.8
2023-03-18,17.6,28.9,22.6,0.1,3.01
2023-03-19,19.1,25.4,21.9,0.1,3.23
2023-03-20,19.1,27.9,22.6,0.0,4.08
2023-03-21,20.2,26.2,23.2,0.2,4.94
2023-03-22,22.9,28.5,25.0,0.4,5.17
2023-03-23,22.7,30.3,25.7,0.7,5.64
2023-03-24,21.7,26.9,23.8,3.2,4.0
2023-03-25,15.7,23.6,20.7,18.8,3.7
2023-03-26,13.7,16.4,14.8,11.5,3.45
2023-03-27,14.1,18.5,15.1,5.6,3.22
2023-03-28,14.3,19.6,16.5,0.4,2.65
2023-03-29,16.1,19.5,17.5,10.5,1.75
2023-03-30,17.7,20.3,18.6,1.3,2.06
2023-03-31,17.5,22.1,19.1,7.9,1.57
2023-04-01,18.0,22.6,20.0,4.3,1.14
2023-04-02,19.2,23.8,21.3,2.9,2.89
2023-04-03,18.7,24.8,21.5,0.5,4.9
2023-04-04,20.9,25.0,22.8,1.3,6.4
2023-04-05,22.6,26.0,23.6,24.1,4.67
2023-04-06,16.9,24.8,21.9,34.6,4.56
2023-04-07,15.3,23.5,19.2,2.3,4.61
2023-04-08,15.7,21.1,18.3,0.5,2.88
2023-04-09,13.7,22.8,18.6,0.0,1.72
2023-04-10,17.2,23.6,20.3,0.0,2.64
2023-04-11,20.0,27.2,23.4,0.9,1.99
2023-04-12,19.8,29.6,24.4,1.1,3.16
2023-04-13,21.1,28.7,24.6,0.0,3.28
2023-04-14,20.5,27.7,24.3,0.5,2.83
2023-04-15,21.6,29.9,25.5,0.0,4.92
2023-04-16,18.7,33.5,25.7,0.0,2.68
2023-04-17,20.2,31.9,25.8,1.0,4.13
2023-04-18,24.6,31.2,27.2,2.5,4.93
2023-04-19,22.5,26.1,24.5,9.4,5.23
2023-04-20,21.4,30.4,25.5,1.6,2.06
2023-04-21,22.6,25.0,24.0,13.9,3.19
2023-04-22,21.7,27.5,24.1,2.1,4.17
2023-04-23,21.2,27.5,24.0,1.0,3.31
2023-04-24,18.8,25.1,21.8,5.5,3.23
2023-04-25,17.5,19.0,18.2,2.5,3.4
2023-04-26,15.8,24.9,20.0,0.0,4.31
2023-04-27,17.5,29.3,22.8,0.1,2.15
2023-04-28,19.6,29.5,24.4,0.0,2.88
2023-04-29,19.4,27.8,22.9,4.8,4.4
2023-04-30,17.9,26.3,22.1,0.0,3.72
2023-05-01,20.6,29.2,24.5,0.8,2.06
2023-05-02,20.1,30.3,24.7,0.0,2.73
2023-05-03,21.0,31.0,26.0,0.5,4.3
2023-05-04,24.6,33.9,28.5,0.1,4.49
2023-05-05,25.0,32.8,28.5,0.1,4.55
2023-05-06,25.1,31.1,27.9,1.7,5.48
2023-05-07,21.4,27.0,23.8,37.9,2.91
2023-05-08,19.3,23.3,21.3,8.0,3.19
2023-05-09,20.9,25.9,23.0,3.3,1.66
2023-05-10,20.8,29.0,24.2,0.9,1.72
2023-05-11,21.2,25.9,22.9,4.0,1.71
2023-05-12,20.3,21.9,20.9,3.9,2.47
2023-05-13,20.6,25.3,22.4,2.6,1.72
2023-05-14,20.0,27.1,22.6,3.3,1.58
2023-05-15,18.7,30.9,24.6,0.0,1.84
2023-05-16,21.5,28.9,25.4,1.3,4.53
2023-05-17,25.4,31.6,27.5,3.8,4.69
2023-05-18,25.8,34.0,28.8,2.9,3.58
2023-05-19,24.2,32.5,27.5,7.7,2.55
2023-05-20,24.9,32.4,28.0,1.5,3.54
2023-05-21,25.2,32.8,28.9,2.2,4.37
2023-05-22,24.6,34.8,28.9,2.9,2.84
2023-05-23,20.7,25.6,23.3,22.6,3.62
2023-05-24,21.6,28.2,24.5,4.0,2.69
2023-05-25,22.7,32.9,27.0,1.2,2.26
2023-05-26,24.5,33.2,28.3,1.7,2.7
2023-05-27,24.7,33.4,28.7,0.0,2.14
2023-05-28,24.6,34.7,29.1,0.4,1.58
2023-05-29,24.3,34.6,29.2,0.3,2.83
2023-05-30,26.1,38.2,31.7,0.3,2.92
2023-05-31,27.4,36.1,31.3,5.0,3.42
2023-06-01,27.5,35.6,30.2,2.8,2.34
2023-06-02,26.1,36.6,30.8,2.7,2.19
2023-06-03,26.0,35.1,28.8,31.9,1.77
2023-06-04,25.7,32.4,28.8,7.0,2.92
2023-06-05,26.1,34.3,29.3,0.8,2.98
2023-06-06,25.1,31.9,27.2,18.5,3.28
2023-06-07,24.8,32.1,27.1,8.3,3.27
2023-06-08,24.9,32.0,27.6,6.4,2.82
2023-06-09,25.5,32.3,27.7,8.5,2.46
2023-06-10,24.6,31.2,27.1,7.5,1.43
2023-06-11,24.7,34.1,28.6,0.3,1.98
2023-06-12,25.3,35.2,29.9,0.0,2.15
2023-06-13,25.2,33.7,28.3,10.9,2.01
2023-06-14,24.8,30.7,26.5,29.2,1.8
2023-06-15,24.3,28.6,26.2,10.9,2.16
2023-06-16,25.2,27.4,26.0,12.6,2.62
2023-06-17,24.3,28.2,25.8,10.3,2.61
2023-06-18,24.6,29.7,26.7,10.8,3.64
2023-06-19,25.4,31.5,28.2,2.1,3.74
2023-06-20,26.0,33.5,29.5,2.1,3.84
2023-06-21,27.0,33.3,29.5,2.6,3.41
2023-06-22,26.8,33.7,30.0,2.0,3.75
2023-06-23,25.8,30.2,27.7,2.2,2.47
2023-06-24,25.2,29.1,27.0,4.6,3.41
2023-06-25,25.4,32.8,28.3,9.9,3.04
2023-06-26,24.8,31.1,27.5,13.0,2.44
2023-06-27,25.3,31.5,27.9,6.9,3.26
2023-06-28,25.5,31.7,28.1,2.7,2.92
2023-06-29,25.7,33.9,29.2,5.9,1.8
2023-06-30,26.6,33.4,29.4,2.7,2.92
2023-07-01,26.9,31.5,28.8,7.3,2.4
2023-07-02,26.0,30.7,27.7,10.6,3.05
2023-07-03,25.4,31.4,28.0,3.8,3.61
2023-07-04,25.9,30.5,27.2,7.6,4.11
2023-07-05,25.4,32.9,29.1,3.3,4.03
2023-07-06,26.7,33.7,29.9,0.8,4.67
2023-07-07,27.1,34.1,30.2,0.6,4.76
2023-07-08,26.4,34.3,30.2,0.6,4.11
2023-07-09,26.4,35.2,30.5,1.2,3.35
2023-07-10,26.6,34.8,30.4,0.7,3.14
2023-07-11,26.4,34.9,30.4,1.4,3.44
2023-07-12,26.5,35.2,30.4,1.0,2.92
2023-07-13,26.3,34.9,30.5,0.5,2.65
2023-07-14,26.2,36.9,31.2,0.4,2.47
2023-07-15,26.4,37.8,31.6,0.8,2.14
2023-07-16,26.3,33.7,29.1,11.0,5.32
2023-07-17,26.3,30.4,27.9,12.4,5.8
2023-07-18,26.3,30.1,27.8,16.1,3.96
2023-07-19,25.9,31.2,27.8,8.1,2.3
2023-07-20,26.4,33.7,29.2,5.9,2.1
2023-07-21,26.3,34.0,29.4,8.9,2.37
2023-07-22,26.5,33.3,29.6,1.4,2.33
2023-07-23,26.1,33.8,29.6,1.4,1.9
2023-07-24,26.1,35.0,30.0,0.6,1.7
2023-07-25,25.7,35.4,30.0,0.2,2.14
2023-07-26,26.1,36.9,31.4,0.2,3.72
2023-07-27,28.0,35.0,31.4,0.1,3.62
2023-07-28,28.1,35.1,31.0,0.1,4.1
2023-07-29,26.4,31.8,28.2,24.9,2.66
2023-07-30,26.0,30.2,27.7,7.4,2.2
2023-07-31,25.4,33.0,28.4,1.5,2.2
2023-08-01,25.3,32.1,27.7,11.3,1.41
2023-08-02,24.4,34.1,28.2,0.6,1.5
2023-08-03,25.1,35.8,30.3,0.2,1.86
2023-08-04,27.2,35.4,30.5,2.7,3.49
2023-08-05,27.3,34.3,30.5,1.7,4.13
2023-08-06,27.8,34.3,30.6,1.8,3.75
2023-08-07,26.1,33.6,29.7,1.7,3.36
2023-08-08,26.1,33.9,29.9,0.4,3.4
2023-08-09,26.2,35.5,30.2,0.8,2.97
2023-08-10,25.2,30.9,27.8,5.8,1.36
2023-08-11,24.4,31.2,26.7,11.5,1.82
2023-08-12,24.7,32.9,27.4,2.7,3.24
2023-08-13,25.8,31.1,28.3,3.8,3.81
2023-08-14,25.6,32.8,28.4,11.8,3.41
2023-08-15,26.0,32.7,28.9,5.6,2.56
2023-08-16,26.8,33.2,29.2,5.9,3.03
2023-08-17,26.1,30.2,27.8,22.1,2.57
2023-08-18,25.9,33.3,28.2,9.9,1.81
2023-08-19,26.1,34.0,28.8,13.4,2.75
2023-08-20,25.9,29.3,27.3,16.5,1.9
2023-08-21,25.5,32.5,27.9,9.7,1.92
2023-08-22,25.5,32.6,28.5,3.9,2.2
2023-08-23,26.0,31.0,28.0,14.7,1.91
2023-08-24,25.5,31.5,27.9,2.8,2.19
2023-08-25,25.4,32.5,27.8,20.2,1.22
2023-08-26,25.1,31.7,27.8,19.1,1.73
2023-08-27,25.7,32.3,28.0,9.0,2.33
2023-08-28,26.4,32.3,28.5,7.7,1.68
2023-08-29,25.3,29.9,27.4,5.2,3.51
2023-08-30,24.4,28.6,26.5,2.6,4.81
2023-08-31,25.2,27.5,26.3,7.4,5.22
2023-09-01,24.0,25.6,25.0,41.2,8.11
2023-09-02,25.5,30.9,26.9,10.2,5.46
2023-09-03,25.5,33.9,29.1,0.6,3.28
2023-09-04,26.7,33.4,29.3,1.0,4.14
2023-09-05,25.3,28.3,26.8,13.7,3.94
2023-09-06,25.3,28.5,26.4,3.7,1.65
2023-09-07,25.0,26.8,25.7,59.3,3.8
2023-09-08,24.2,26.4,25.3,13.2,2.7
2023-09-09,23.7,27.4,25.2,15.5,1.77
2023-09-10,24.0,28.2,25.6,3.1,1.61
2023-09-11,24.3,30.9,26.4,5.2,2.04
2023-09-12,25.2,30.2,27.0,4.5,2.19
2023-09-13,25.4,31.1,27.4,1.9,1.8
2023-09-14,25.3,30.4,27.1,8.0,2.0
2023-09-15,24.6,28.7,25.9,20.7,1.63
2023-09-16,24.5,29.5,26.3,14.8,1.55
2023-09-17,24.1,32.5,27.3,3.9,1.5
2023-09-18,24.8,32.8,28.2,5.1,1.17
2023-09-19,25.1,34.0,28.5,1.1,1.43
2023-09-20,24.8,33.3,28.6,0.7,1.9
2023-09-21,25.5,34.6,29.4,1.5,1.36
2023-09-22,26.3,32.9,28.3,14.5,1.52
2023-09-23,25.1,33.8,28.8,1.7,2.14
2023-09-24,25.5,34.2,28.9,0.6,2.38
2023-09-25,25.8,33.5,29.0,0.5,2.95
2023-09-26,24.8,34.2,29.0,0.5,3.14
2023-09-27,25.3,34.5,29.0,2.0,1.78
2023-09-28,25.8,33.9,28.5,4.9,1.57
2023-09-29,25.3,33.7,28.6,3.1,1.3
2023-09-30,25.2,33.5,28.5,1.9,2.06
2023-10-01,25.2,34.6,28.8,4.6,1.6
2023-10-02,26.1,32.2,27.8,9.7,2.26
2023-10-03,25.8,33.0,28.4,0.4,2.66
2023-10-04,24.8,32.7,28.7,0.0,3.65
2023-10-05,25.2,29.1,26.8,0.0,6.61
2023-10-06,22.0,26.6,24.7,6.5,4.27
2023-10-07,19.6,22.4,20.5,21.7,5.89
2023-10-08,19.6,22.0,20.4,45.5,5.2
2023-10-09,20.4,23.7,21.5,16.7,4.83
2023-10-10,21.1,24.9,22.5,2.0,3.82
2023-10-11,20.5,26.0,22.7,0.0,3.67
2023-10-12,20.4,27.4,23.8,0.0,2.69
2023-10-13,21.9,27.2,24.3,0.0,2.8
2023-10-14,20.6,29.0,24.3,0.0,2.6
2023-10-15,20.8,29.2,24.4,0.0,3.13
2023-10-16,18.6,29.9,23.4,0.0,3.02
2023-10-17,19.2,28.4,23.1,0.0,3.23
2023-10-18,21.0,27.2,23.7,0.7,3.32
2023-10-19,22.0,25.0,23.4,11.3,1.73
2023-10-20,20.6,25.6,23.4,1.9,4.57
2023-10-21,17.3,21.8,18.9,2.1,3.77
2023-10-22,17.9,24.2,20.6,0.0,2.79
2023-10-23,20.1,28.7,23.6,0.8,2.15
2023-10-24,21.4,31.5,25.6,0.4,1.66
2023-10-25,22.1,31.8,26.0,0.3,1.49
2023-10-26,22.5,30.8,25.9,1.2,1.64
2023-10-27,23.4,26.6,24.4,10.3,1.28
2023-10-28,22.5,26.5,23.9,12.5,1.36
2023-10-29,21.8,26.5,23.7,1.1,2.12
2023-10-30,20.2,28.2,23.8,0.0,3.31
2023-10-31,18.0,28.8,22.6,0.0,2.92
2023-11-01,16.5,29.5,22.4,0.0,1.36
2023-11-02,17.3,29.2,22.9,0.0,1.9
2023-11-03,18.7,29.8,23.6,0.3,2.12
2023-11-04,19.7,30.6,24.3,0.0,1.3
2023-11-05,20.3,30.7,24.5,0.0,2.83
2023-11-06,20.7,29.2,24.2,0.0,4.56
2023-11-07,20.6,28.5,23.8,0.0,2.69
2023-11-08,20.3,26.8,23.4,0.0,1.36
2023-11-09,20.7,29.0,24.2,0.0,2.46
2023-11-10,21.3,29.5,25.0,0.8,1.48
2023-11-11,20.6,24.3,22.8,2.4,2.56
2023-11-12,17.3,21.7,19.4,0.0,5.55
2023-11-13,14.7,20.2,16.9,0.0,4.49
2023-11-14,13.8,17.6,15.3,0.0,3.29
2023-11-15,13.5,25.7,18.8,0.0,2.33
2023-11-16,13.0,19.6,16.7,1.3,6.26
2023-11-17,11.7,20.2,15.2,0.0,5.52
2023-11-18,9.4,21.8,14.9,0.0,3.89
2023-11-19,10.7,23.1,15.7,0.0,1.75
2023-11-20,10.9,25.3,17.1,0.0,1.55
2023-11-21,10.3,26.1,17.4,0.0,1.7
2023-11-22,11.8,26.2,18.4,0.0,1.94
2023-11-23,13.6,27.3,19.4,0.0,2.66
2023-11-24,14.6,27.0,20.0,0.0,3.12
2023-11-25,15.0,25.9,19.2,0.0,2.56
2023-11-26,12.6,25.5,18.3,0.0,3.1
2023-11-27,14.1,25.9,19.2,0.0,3.07
2023-11-28,14.6,27.0,19.2,0.0,2.4
2023-11-29,16.9,25.3,20.5,0.0,1.86
2023-11-30,17.5,23.3,20.4,0.0,4.47
2023-12-01,14.6,18.4,16.2,0.0,5.06
2023-12-02,13.4,21.5,16.9,0.0,3.07
2023-12-03,14.6,22.6,17.6,0.1,2.58
2023-12-04,15.6,19.4,17.4,0.0,2.9
2023-12-05,14.8,22.7,17.8,0.0,2.56
2023-12-06,14.4,20.5,17.3,0.9,3.55
2023-12-07,11.1,24.5,15.8,0.0,3.22
2023-12-08,8.3,26.2,16.6,0.0,2.25
2023-12-09,15.8,27.0,20.8,0.0,2.42
2023-12-10,17.4,30.4,23.1,0.0,3.1
2023-12-11,19.8,29.4,23.7,0.7,1.84
2023-12-12,17.6,24.0,20.6,0.0,4.62
2023-12-13,16.5,24.7,20.2,0.0,2.24
2023-12-14,17.8,27.8,22.3,0.0,2.8
2023-12-15,19.8,29.4,24.1,1.0,2.28
2023-12-16,8.2,19.4,11.4,2.1,7.18
2023-12-17,6.2,9.8,8.1,0.0,5.65
2023-12-18,8.9,18.8,12.9,0.0,3.13
2023-12-19,8.7,14.2,10.5,0.0,4.88
2023-12-20,6.5,11.1,8.3,0.0,5.6
2023-12-21,6.4,8.8,7.6,0.0,5.69
2023-12-22,3.2,11.0,7.0,0.0,5.5
2023-12-23,5.7,9.2,7.3,0.0,4.18
2023-12-24,4.3,15.6,9.2,0.0,4.59
2023-12-25,5.1,17.9,10.2,0.0,3.41
2023-12-26,4.6,20.6,11.7,0.0,1.94
2023-12-27,8.4,23.2,15.1,0.0,1.91
2023-12-28,11.7,25.3,17.1,0.0,2.48
2023-12-29,12.3,26.2,17.7,0.0,2.13
2023-12-30,14.7,23.3,18.3,0.2,2.33
2023-12-31,15.2,26.6,20.2,0.2,2.92
2024-01-01,15.7,24.9,19.8,0.0,2.25
