time,weathercode (wmo code),temperature_2m_max (°C),temperature_2m_min (°C),temperature_2m_mean (°C),precipitation_sum (mm),precipitation_hours (h),windspeed_10m_max (m/s)
2020-01-01,3,21.7,12.4,16.6,0.0,0,2.56
2020-01-02,3,23.1,12.7,17.3,0.0,0,1.8
2020-01-03,3,25.3,13.1,18.4,0.0,0,1.77
2020-01-04,3,26.4,13.7,19.6,0.0,0,1.66
2020-01-05,3,25.1,15.8,19.9,0.0,0,3.07
2020-01-06,3,26.0,17.0,21.2,0.0,0,2.2
2020-01-07,51,27.9,18.6,22.4,0.2,2,3.35
2020-01-08,1,24.5,14.6,19.1,0.0,0,4.48
2020-01-09,3,23.8,13.3,18.3,0.0,0,1.9
2020-01-10,3,26.4,15.0,20.0,0.0,0,2.42
2020-01-11,3,21.5,13.0,16.6,0.0,0,5.04
2020-01-12,3,17.3,9.4,13.3,0.0,0,4.94
2020-01-13,2,19.9,10.3,14.6,0.0,0,2.0
2020-01-14,2,21.9,12.2,16.2,0.0,0,2.82
2020-01-15,3,24.8,11.6,17.4,0.0,0,3.77
2020-01-16,3,22.9,13.2,16.9,0.0,0,4.85
2020-01-17,3,15.9,11.0,13.1,0.0,0,4.3
2020-01-18,3,18.3,10.4,13.4,0.0,0,3.4
2020-01-19,51,14.8,11.1,12.9,0.6,4,3.0
2020-01-20,3,21.3,11.6,15.9,0.0,0,2.12
2020-01-21,3,23.5,12.0,17.6,0.0,0,2.1
2020-01-22,3,25.2,16.3,19.7,0.0,0,2.11
2020-01-23,3,28.4,18.9,22.3,0.0,0,2.16
2020-01-24,51,26.3,18.7,21.7,0.7,7,2.84
2020-01-25,61,20.1,12.8,17.5,8.3,7,4.52
2020-01-26,63,13.0,9.4,10.9,17.3,12,4.81
2020-01-27,51,12.3,7.6,9.6,0.4,2,5.36
2020-01-28,2,13.3,7.5,9.6,0.0,0,4.07
2020-01-29,0,15.0,7.2,10.4,0.0,0,4.26
2020-01-30,0,16.8,6.8,11.0,0.0,0,5.0
2020-01-31,0,18.7,4.5,10.7,0.0,0,2.44
2020-02-01,0,21.6,5.4,12.5,0.0,0,2.1
2020-02-02,51,19.9,10.3,14.6,0.1,1,1.75
2020-02-03,3,20.4,11.2,15.3,0.0,0,3.45
2020-02-04,55,15.4,11.9,13.5,5.9,18,2.34
2020-02-05,3,18.8,13.4,15.9,0.0,0,2.78
2020-02-06,3,18.0,12.6,15.7,0.0,0,1.97
2020-02-07,53,17.6,14.0,15.6,0.9,3,3.64
2020-02-08,3,18.3,12.0,14.5,0.0,0,3.79
2020-02-09,3,18.5,10.9,13.7,0.0,0,3.73
2020-02-10,3,20.8,10.7,15.5,0.0,0,2.2
2020-02-11,51,22.7,16.1,18.3,0.4,4,2.87
2020-02-12,51,25.1,16.2,19.7,2.2,11,2.55
2020-02-13,63,21.1,16.3,18.1,8.1,6,2.42
2020-02-14,61,20.5,17.2,18.9,10.7,10,3.26
2020-02-15,65,23.2,12.1,20.1,29.0,16,7.13
2020-02-16,63,12.3,8.6,9.9,8.9,8,6.69
2020-02-17,0,15.2,6.6,10.2,0.0,0,5.65
2020-02-18,0,18.7,6.8,11.5,0.0,0,3.22
2020-02-19,1,20.9,5.2,13.2,0.0,0,2.02
2020-02-20,2,24.2,12.4,17.0,0.0,0,2.15
2020-02-21,1,26.2,11.2,17.8,0.0,0,1.82
2020-02-22,2,26.5,14.3,19.5,0.0,0,3.35
2020-02-23,2,27.1,14.3,19.8,0.0,0,1.87
2020-02-24,51,26.5,14.6,20.1,0.1,1,3.64
2020-02-25,51,27.0,17.4,21.8,1.5,7,2.06
2020-02-26,3,29.9,16.6,22.7,0.0,0,1.91
2020-02-27,3,27.7,18.1,22.1,0.0,0,2.69
2020-02-28,3,26.7,15.8,20.8,0.0,0,1.92
2020-02-29,2,28.8,15.9,21.9,0.0,0,2.69
2020-03-01,51,26.9,17.6,21.5,0.6,3,3.71
2020-03-02,51,23.6,16.8,20.0,0.1,1,3.31
2020-03-03,51,24.3,16.8,20.4,0.6,2,2.69
2020-03-04,55,19.4,12.8,15.3,8.8,21,4.5
2020-03-05,51,19.3,12.7,15.9,0.1,1,2.83
2020-03-06,3,23.5,15.3,19.1,0.0,0,3.04
2020-03-07,51,25.1,17.4,20.9,0.7,6,3.07
2020-03-08,3,26.5,18.2,22.3,0.0,0,5.12
2020-03-09,61,26.1,20.6,23.3,2.5,9,5.22
2020-03-10,63,22.8,16.3,19.4,10.3,3,5.47
2020-03-11,51,23.0,13.6,17.7,0.5,2,2.87
2020-03-12,51,22.4,15.8,18.9,0.3,1,4.83
2020-03-13,63,24.0,17.1,20.7,17.4,12,4.34
2020-03-14,61,22.7,16.3,18.7,6.9,7,4.74
2020-03-15,1,23.4,12.9,17.9,0.0,0,3.08
2020-03-16,3,24.3,13.6,18.8,0.0,0,2.41
2020-03-17,53,22.7,15.7,19.2,3.2,5,2.91
2020-03-18,53,21.2,18.2,19.3,8.0,15,2.43
2020-03-19,61,21.4,18.1,19.2,11.7,18,1.78
2020-03-20,53,23.4,18.4,20.6,2.6,10,1.65
2020-03-21,53,24.2,20.1,22.0,0.5,1,4.08
2020-03-22,51,30.2,20.6,24.7,0.1,1,3.05
2020-03-23,53,27.7,20.9,23.6,2.2,8,1.78
2020-03-24,3,27.5,20.2,23.1,0.0,0,1.75
2020-03-25,3,28.1,17.4,22.5,0.0,0,2.69
2020-03-26,63,27.0,19.9,22.4,7.3,13,3.82
2020-03-27,53,28.2,18.9,22.7,2.0,7,3.81
2020-03-28,63,21.8,16.1,19.4,10.1,9,4.85
2020-03-29,51,20.0,15.4,18.0,0.2,2,4.92
2020-03-30,51,18.9,13.2,14.8,1.8,14,2.66
2020-03-31,53,23.4,13.1,16.6,4.1,15,3.04
2020-04-01,53,15.8,13.6,14.6,6.3,20,3.49
2020-04-02,51,22.0,15.0,18.2,0.1,1,2.91
2020-04-03,53,22.0,16.9,19.1,5.3,10,3.1
2020-04-04,53,19.7,15.9,17.2,2.4,8,3.67
2020-04-05,61,16.8,14.5,15.6,13.7,19,2.39
2020-04-06,63,16.1,14.2,14.8,23.1,24,2.19
2020-04-07,51,22.3,14.8,18.1,0.2,1,3.0
2020-04-08,3,25.2,15.8,20.4,0.0,0,2.48
2020-04-09,3,27.8,14.8,21.2,0.0,0,1.99
2020-04-10,1,28.2,14.9,21.3,0.0,0,2.73
2020-04-11,63,23.5,16.9,20.0,19.0,13,4.71
2020-04-12,3,21.3,15.1,17.7,0.0,0,6.3
2020-04-13,3,24.1,11.7,17.6,0.0,0,3.91
2020-04-14,51,22.8,12.9,18.1,0.1,1,1.86
2020-04-15,1,27.4,12.2,19.6,0.0,0,2.64
2020-04-16,1,29.2,14.7,21.4,0.0,0,3.35
2020-04-17,1,29.4,16.1,22.7,0.0,0,2.34
2020-04-18,2,28.5,18.7,23.7,0.0,0,2.55
2020-04-19,3,30.5,21.5,25.9,0.0,0,3.21
2020-04-20,51,31.1,23.1,26.7,0.9,7,2.79
2020-04-21,51,28.7,22.5,25.6,0.9,7,3.32
2020-04-22,61,24.9,17.9,19.8,7.0,14,4.0
2020-04-23,51,18.5,16.8,17.7,0.6,6,2.95
2020-04-24,53,18.7,15.8,16.9,2.0,8,3.23
2020-04-25,3,23.7,15.3,19.7,0.0,0,1.44
2020-04-26,51,26.8,17.5,21.8,0.1,1,2.86
2020-04-27,51,29.9,18.4,23.5,0.5,2,2.33
2020-04-28,1,32.0,17.6,24.3,0.0,0,2.33
2020-04-29,1,32.0,16.5,24.0,0.0,0,2.14
2020-04-30,2,32.9,18.1,25.4,0.0,0,2.11
2020-05-01,53,30.4,20.0,25.4,1.2,8,2.55
2020-05-02,51,31.9,22.9,27.0,0.7,4,3.08
2020-05-03,1,35.1,22.5,28.5,0.0,0,3.77
2020-05-04,2,35.2,23.8,29.3,0.0,0,3.52
2020-05-05,3,35.5,25.2,29.7,0.0,0,5.44
2020-05-06,51,35.4,25.9,30.0,0.1,1,5.11
2020-05-07,51,34.6,27.1,30.2,0.2,2,5.02
2020-05-08,51,33.4,27.4,29.8,1.1,8,5.33
2020-05-09,51,34.3,27.3,30.0,0.3,3,4.26
2020-05-10,63,32.3,24.2,27.9,7.2,9,3.31
2020-05-11,63,33.3,23.0,26.4,23.4,17,2.72
2020-05-12,53,30.8,23.1,26.8,3.0,7,2.7
2020-05-13,51,31.4,23.3,26.7,1.1,8,3.64
2020-05-14,51,30.6,23.1,26.5,1.3,6,4.03
2020-05-15,53,33.3,25.1,28.5,1.0,5,3.52
2020-05-16,51,35.2,23.0,28.4,0.2,1,1.97
2020-05-17,61,35.0,24.4,28.4,2.4,4,3.01
2020-05-18,63,29.4,23.7,25.3,21.2,22,2.73
2020-05-19,53,31.2,22.8,26.4,3.8,16,1.44
2020-05-20,61,31.0,24.5,27.0,7.7,15,2.92
2020-05-21,63,27.4,24.1,25.7,48.3,24,3.36
2020-05-22,65,27.4,24.1,25.7,67.6,18,3.52
2020-05-23,53,29.3,23.3,25.7,2.8,12,1.58
2020-05-24,53,31.3,23.9,27.2,2.2,9,2.34
2020-05-25,61,29.2,23.7,26.5,3.1,9,2.88
2020-05-26,63,29.6,25.8,27.1,13.9,20,2.3
2020-05-27,61,28.1,23.9,26.1,4.9,16,2.44
2020-05-28,61,28.5,23.2,25.6,5.9,9,2.06
2020-05-29,63,29.0,24.6,26.1,11.3,17,3.13
2020-05-30,63,26.7,24.5,25.4,12.4,18,2.66
2020-05-31,61,30.3,25.0,26.7,9.3,16,3.28
2020-06-01,61,30.5,25.0,26.8,11.2,11,3.04
2020-06-02,63,30.9,24.6,27.0,7.1,8,4.03
2020-06-03,61,32.2,25.1,27.7,4.2,12,3.48
2020-06-04,61,32.3,25.1,28.3,4.3,10,4.44
2020-06-05,63,31.1,25.7,27.4,14.2,19,3.83
2020-06-06,63,26.9,24.3,25.2,26.1,21,2.75
2020-06-07,63,26.1,24.3,25.2,41.2,22,2.55
2020-06-08,63,27.7,24.7,25.5,29.4,23,4.11
2020-06-09,63,29.8,24.9,26.3,19.4,22,2.97
2020-06-10,61,30.8,24.0,26.9,3.4,11,3.44
2020-06-11,51,33.3,25.3,28.9,0.9,7,2.77
2020-06-12,51,34.5,25.3,29.7,1.2,8,2.02
2020-06-13,63,32.9,26.7,29.2,7.8,12,4.16
2020-06-14,53,30.8,26.2,27.9,3.0,10,5.15
2020-06-15,63,31.8,26.1,27.9,6.4,13,3.75
2020-06-16,51,32.2,25.1,28.4,1.3,10,4.22
2020-06-17,53,31.8,25.4,28.5,1.7,7,4.7
2020-06-18,51,32.8,25.5,28.6,1.7,10,4.0
2020-06-19,51,33.0,25.7,29.3,0.9,6,3.5
2020-06-20,2,33.5,25.5,29.4,0.0,0,3.4
2020-06-21,51,33.4,26.5,29.6,0.9,8,4.5
2020-06-22,51,33.9,27.3,30.2,1.8,10,4.03
2020-06-23,53,33.9,27.3,30.3,2.2,11,3.61
2020-06-24,51,33.8,27.4,30.3,0.8,8,3.28
2020-06-25,63,33.1,26.3,29.0,7.2,13,4.4
2020-06-26,53,33.0,26.1,29.1,2.5,10,4.3
2020-06-27,51,34.2,26.6,29.9,1.5,8,4.4
2020-06-28,51,33.8,26.0,29.7,0.9,6,3.66
2020-06-29,63,34.1,26.1,29.8,9.7,10,3.35
2020-06-30,63,34.1,26.2,29.7,8.3,9,2.53
2020-07-01,63,31.5,26.5,28.5,6.8,8,2.18
2020-07-02,55,32.2,26.5,28.8,3.4,8,4.5
2020-07-03,63,31.2,26.7,28.3,6.2,14,3.91
2020-07-04,53,31.0,26.0,28.4,2.2,10,3.41
2020-07-05,51,33.1,26.1,29.1,1.1,9,4.22
2020-07-06,53,33.5,26.7,29.5,2.5,13,4.58
2020-07-07,53,32.8,26.9,29.6,2.7,12,4.03
2020-07-08,51,32.4,27.2,29.3,2.2,12,4.28
2020-07-09,53,33.2,27.9,29.9,2.8,10,4.98
2020-07-10,51,32.5,28.1,29.7,1.0,6,4.59
2020-07-11,2,33.9,27.5,30.4,0.0,0,4.9
2020-07-12,51,33.8,26.7,30.1,1.2,7,3.45
2020-07-13,51,35.2,26.6,30.3,0.8,7,2.15
2020-07-14,1,36.4,26.8,30.8,0.0,0,2.15
2020-07-15,2,34.5,26.9,30.3,0.0,0,3.55
2020-07-16,51,34.0,26.6,29.9,0.3,3,3.88
2020-07-17,51,32.9,26.9,30.0,1.1,7,4.1
2020-07-18,51,33.7,27.1,30.1,0.9,8,4.03
2020-07-19,61,33.7,26.9,29.8,3.4,11,4.04
2020-07-20,51,33.3,27.0,29.8,0.8,8,2.92
2020-07-21,51,34.3,25.7,29.8,0.4,1,2.53
2020-07-22,63,34.1,25.3,29.7,4.2,7,3.2
2020-07-23,51,34.9,26.7,30.5,0.5,5,2.22
2020-07-24,2,35.9,26.1,30.9,0.0,0,2.69
2020-07-25,2,36.4,27.0,31.2,0.0,0,2.66
2020-07-26,1,35.7,27.3,31.2,0.0,0,3.33
2020-07-27,61,34.5,26.6,30.1,3.6,8,3.52
2020-07-28,51,35.7,26.3,30.3,1.5,8,2.61
2020-07-29,63,34.1,26.6,29.2,8.6,11,2.61
2020-07-30,2,36.5,25.7,29.7,0.0,0,2.85
2020-07-31,55,30.8,25.5,27.6,3.7,15,5.39
2020-08-01,61,28.7,25.6,26.6,13.3,23,6.11
2020-08-02,63,30.1,25.0,27.5,10.3,17,4.79
2020-08-03,63,31.6,26.1,28.1,3.7,5,3.16
2020-08-04,63,30.3,24.8,27.2,6.4,12,2.66
2020-08-05,61,29.0,25.7,26.7,13.1,21,3.09
2020-08-06,55,34.5,24.8,28.6,4.1,15,3.0
2020-08-07,51,33.7,26.0,29.5,0.6,6,2.2
2020-08-08,51,34.1,26.0,29.8,0.7,5,2.15
2020-08-09,51,34.0,25.8,29.8,0.1,1,2.37
2020-08-10,51,33.6,25.7,29.2,2.1,10,2.91
2020-08-11,51,30.6,26.2,28.1,1.6,10,3.7
2020-08-12,63,30.6,25.6,27.0,12.3,11,4.8
2020-08-13,61,31.4,25.0,27.7,4.3,8,3.4
2020-08-14,63,32.6,24.5,28.0,7.8,10,2.79
2020-08-15,63,32.7,24.7,27.9,7.8,9,2.72
2020-08-16,63,32.7,24.7,28.2,7.7,9,2.62
2020-08-17,63,32.0,24.9,27.7,5.0,7,2.04
2020-08-18,63,30.0,24.0,26.3,15.8,15,3.85
2020-08-19,63,28.4,23.7,25.9,9.5,17,5.54
2020-08-20,53,32.6,25.2,28.4,2.3,5,2.02
2020-08-21,63,32.5,24.9,28.0,9.7,12,2.73
2020-08-22,63,33.8,25.2,28.3,5.1,7,2.37
2020-08-23,51,33.4,25.3,29.0,1.1,7,1.75
2020-08-24,55,33.6,26.0,29.3,3.5,10,2.63
2020-08-25,61,35.1,26.5,29.6,3.4,9,3.18
2020-08-26,53,34.4,25.5,28.8,4.3,18,3.2
2020-08-27,63,30.4,24.7,26.6,15.1,22,1.28
2020-08-28,3,33.7,23.6,28.2,0.0,0,1.94
2020-08-29,51,34.5,24.8,29.0,0.1,1,1.84
2020-08-30,53,34.0,24.9,29.0,1.1,3,1.75
2020-08-31,53,32.6,25.7,28.4,3.9,18,2.64
2020-09-01,61,33.2,25.2,28.5,6.6,16,2.42
2020-09-02,51,33.8,25.5,29.2,0.6,3,2.66
2020-09-03,1,35.0,26.6,30.2,0.0,0,2.6
2020-09-04,53,32.0,25.9,28.2,3.2,9,2.3
2020-09-05,61,30.6,24.8,27.2,4.3,11,2.33
2020-09-06,61,31.4,24.8,27.6,7.0,12,2.19
2020-09-07,55,31.3,25.5,27.5,4.2,12,1.61
2020-09-08,63,28.0,25.0,26.1,14.2,19,1.82
2020-09-09,61,28.7,24.3,26.4,6.6,11,1.5
2020-09-10,61,32.2,25.2,27.3,6.0,14,1.84
2020-09-11,55,31.0,25.0,27.5,6.8,14,2.61
2020-09-12,63,32.4,24.5,27.4,12.7,14,2.37
2020-09-13,63,32.1,24.0,26.9,15.3,15,1.98
2020-09-14,63,32.0,25.1,27.4,4.4,8,2.4
2020-09-15,61,30.9,25.8,27.4,3.7,5,3.32
2020-09-16,51,34.1,25.8,29.0,1.1,8,3.05
2020-09-17,51,32.9,25.2,28.7,0.9,7,4.03
2020-09-18,61,28.9,25.4,27.1,6.9,21,3.19
2020-09-19,63,32.1,24.4,26.6,11.9,18,2.5
2020-09-20,63,31.8,24.1,27.2,8.6,13,1.7
2020-09-21,53,31.5,25.0,27.7,2.8,11,1.82
2020-09-22,51,31.5,24.8,28.0,0.9,7,1.64
2020-09-23,63,30.8,24.8,27.3,8.7,10,2.0
2020-09-24,51,29.4,23.3,25.3,0.3,2,3.35
2020-09-25,3,29.7,22.3,25.4,0.0,0,2.21
2020-09-26,51,28.8,22.9,25.8,0.4,3,1.9
2020-09-27,3,28.5,23.6,25.4,0.0,0,2.41
2020-09-28,51,28.4,23.2,25.5,1.2,7,2.25
2020-09-29,51,30.0,23.8,26.6,1.5,9,1.65
2020-09-30,51,28.9,24.9,26.5,1.4,9,3.59
2020-10-01,61,27.5,22.8,25.2,5.3,10,2.12
2020-10-02,3,31.7,22.4,26.5,0.0,0,1.6
2020-10-03,51,32.5,22.9,27.4,0.2,2,2.02
2020-10-04,51,33.4,24.5,28.2,0.7,6,2.01
2020-10-05,3,28.1,23.4,25.8,0.0,0,4.0
2020-10-06,3,25.9,21.4,23.1,0.0,0,4.16
2020-10-07,3,26.8,20.5,22.7,0.0,0,4.51
2020-10-08,3,26.2,20.2,22.7,0.0,0,4.27
2020-10-09,3,27.7,21.0,23.8,0.0,0,3.7
2020-10-10,0,29.7,19.9,24.1,0.0,0,3.05
2020-10-11,2,31.5,19.6,25.1,0.0,0,2.95
2020-10-12,3,32.8,21.8,26.7,0.0,0,3.68
2020-10-13,55,27.6,22.7,25.2,9.4,16,5.46
2020-10-14,51,31.0,22.4,26.0,1.3,6,4.24
2020-10-15,2,29.0,22.7,25.4,0.0,0,3.81
2020-10-16,3,32.1,22.2,26.0,0.0,0,4.34
2020-10-17,3,27.3,20.9,23.5,0.0,0,4.7
2020-10-18,2,28.8,19.3,22.9,0.0,0,4.51
2020-10-19,2,27.3,19.5,22.6,0.0,0,4.15
2020-10-20,2,28.0,19.6,23.1,0.0,0,4.34
2020-10-21,3,27.0,19.6,23.0,0.0,0,5.28
2020-10-22,3,25.3,20.7,22.3,0.0,0,6.33
2020-10-23,51,27.8,19.8,23.4,0.1,1,5.88
2020-10-24,3,25.8,20.4,22.9,0.0,0,4.4
2020-10-25,2,30.1,20.8,24.3,0.0,0,2.94
2020-10-26,2,32.4,18.5,24.7,0.0,0,3.14
2020-10-27,0,32.1,20.4,25.5,0.0,0,3.0
2020-10-28,61,31.7,20.8,25.5,2.9,6,4.03
2020-10-29,53,24.2,20.8,22.7,4.0,14,4.02
2020-10-30,53,26.9,20.2,22.8,3.1,8,3.66
2020-10-31,3,29.3,19.6,23.3,0.0,0,2.44
2020-11-01,0,29.5,18.7,23.1,0.0,0,2.06
2020-11-02,3,28.1,19.9,23.4,0.0,0,4.55
2020-11-03,3,26.3,19.9,22.7,0.0,0,3.94
2020-11-04,3,26.9,19.6,23.1,0.0,0,3.0
2020-11-05,0,28.5,16.5,22.0,0.0,0,1.98
2020-11-06,1,30.7,16.8,23.6,0.0,0,3.7
2020-11-07,3,29.6,22.0,25.5,0.0,0,4.62
2020-11-08,2,27.4,22.8,25.0,0.0,0,4.7
2020-11-09,1,27.3,20.1,23.2,0.0,0,4.3
2020-11-10,2,27.3,17.8,22.0,0.0,0,3.78
2020-11-11,1,27.6,16.6,20.7,0.0,0,3.92
2020-11-12,0,27.8,13.9,20.1,0.0,0,3.91
2020-11-13,2,26.6,16.1,21.8,0.0,0,4.43
2020-11-14,53,23.9,19.2,21.6,4.7,12,4.02
2020-11-15,61,24.7,19.5,21.6,9.7,16,2.52
2020-11-16,51,30.0,19.1,23.7,1.4,9,1.63
2020-11-17,2,30.1,19.0,24.0,0.0,0,2.88
2020-11-18,51,30.0,22.2,25.3,0.2,2,2.69
2020-11-19,51,29.0,22.9,25.2,1.3,10,1.77
2020-11-20,51,31.1,21.8,25.6,0.7,4,1.58
2020-11-21,51,29.6,22.4,25.7,0.3,3,3.56
2020-11-22,51,29.7,20.3,24.4,0.4,3,3.76
2020-11-23,3,24.7,18.5,20.9,0.0,0,3.62
2020-11-24,1,24.9,16.6,20.1,0.0,0,3.32
2020-11-25,1,27.7,16.9,21.4,0.0,0,2.06
2020-11-26,1,27.0,18.2,21.3,0.0,0,3.76
2020-11-27,1,22.7,16.0,18.5,0.0,0,4.85
2020-11-28,1,21.2,14.6,16.9,0.0,0,4.53
2020-11-29,61,20.0,13.1,16.0,1.5,2,4.35
2020-11-30,53,20.6,12.7,15.7,1.2,4,4.53
2020-12-01,0,22.1,12.6,16.4,0.0,0,3.8
2020-12-02,2,21.3,13.0,16.6,0.0,0,4.37
2020-12-03,1,18.3,12.9,14.8,0.0,0,5.47
2020-12-04,0,16.3,10.7,13.1,0.0,0,5.35
2020-12-05,0,18.9,10.3,13.6,0.0,0,4.21
2020-12-06,0,22.1,8.3,14.2,0.0,0,2.53
2020-12-07,1,22.7,13.0,16.9,0.0,0,4.04
2020-12-08,3,19.7,13.4,16.2,0.0,0,3.98
2020-12-09,2,20.7,14.1,17.1,0.0,0,2.86
2020-12-10,3,21.4,16.5,19.2,0.0,0,3.42
2020-12-11,53,22.4,16.7,19.4,2.3,5,2.94
2020-12-12,51,22.7,16.8,19.2,0.2,2,2.97
2020-12-13,3,26.5,17.0,20.9,0.0,0,2.14
2020-12-14,51,19.4,8.7,13.1,0.1,1,5.41
2020-12-15,51,12.6,6.9,9.1,0.1,1,4.59
2020-12-16,51,12.1,7.1,8.8,1.0,6,4.18
2020-12-17,51,12.3,7.0,9.2,2.1,9,3.4
2020-12-18,2,16.7,9.0,11.5,0.0,0,4.84
2020-12-19,2,14.3,8.3,10.6,0.0,0,5.48
2020-12-20,3,17.2,9.0,12.1,0.0,0,5.41
2020-12-21,1,18.3,9.0,13.0,0.0,0,4.52
2020-12-22,2,20.9,8.7,15.1,0.0,0,2.92
2020-12-23,51,21.7,14.8,17.8,0.9,5,2.42
2020-12-24,3,21.5,14.7,17.3,0.0,0,3.55
2020-12-25,3,20.3,14.2,17.1,0.0,0,2.55
2020-12-26,3,24.8,14.4,19.0,0.0,0,1.65
2020-12-27,2,27.7,12.7,20.0,0.0,0,2.33
2020-12-28,1,28.4,14.5,20.3,0.0,0,1.92
2020-12-29,2,27.5,13.9,19.9,0.0,0,6.61
2020-12-30,0,15.3,6.9,10.8,0.0,0,7.42
2020-12-31,1,12.2,3.4,7.3,0.0,0,5.57
2021-01-01,0,14.4,2.8,8.0,0.0,0,3.45
2021-01-01,0,14.4,2.8,8.0,0.0,0,3.45
2021-01-02,0,18.5,3.2,9.7,0.0,0,2.59
2021-01-03,1,21.6,5.0,12.8,0.0,0,2.86
2021-01-04,3,21.6,11.7,15.9,0.0,0,2.91
2021-01-05,3,22.2,13.5,16.7,0.0,0,3.57
2021-01-06,3,20.3,9.8,14.5,0.0,0,3.36
2021-01-07,3,12.9,5.7,10.0,0.0,0,5.7
2021-01-08,3,7.3,4.3,5.6,0.0,0,5.73
2021-01-09,2,12.3,4.2,7.9,0.0,0,4.65
2021-01-10,3,11.6,7.9,9.5,0.0,0,3.52
2021-01-11,51,9.2,5.7,7.4,0.9,7,4.57
2021-01-12,0,15.3,4.2,8.4,0.0,0,4.68
2021-01-13,1,19.7,0.5,9.3,0.0,0,2.44
2021-01-14,1,22.7,4.7,12.7,0.0,0,2.28
2021-01-15,1,24.7,6.3,14.8,0.0,0,2.35
2021-01-16,2,25.1,11.2,17.0,0.0,0,1.97
2021-01-17,1,17.2,10.8,13.8,0.0,0,5.58
2021-01-18,0,18.0,6.8,11.7,0.0,0,3.26
2021-01-19,1,21.5,4.9,12.4,0.0,0,2.02
2021-01-20,3,25.9,11.4,18.1,0.0,0,1.88
2021-01-21,2,28.5,14.6,21.3,0.0,0,2.06
2021-01-22,2,24.9,16.6,20.7,0.0,0,3.01
2021-01-23,1,25.6,16.2,19.9,0.0,0,3.98
2021-01-24,3,26.6,13.4,18.9,0.0,0,2.91
2021-01-25,3,27.3,14.5,20.0,0.0,0,2.28
2021-01-26,3,25.5,16.1,19.6,0.0,0,3.7
2021-01-27,3,25.6,14.7,18.8,0.0,0,2.95
2021-01-28,2,20.4,13.5,16.6,0.0,0,4.94
2021-01-29,0,22.1,9.7,14.6,0.0,0,3.9
2021-01-30,0,24.0,7.7,14.8,0.0,0,1.97
2021-01-31,0,26.8,8.6,16.7,0.0,0,2.65
2021-02-01,1,27.4,11.2,18.4,0.0,0,2.06
2021-02-02,1,27.7,14.3,20.1,0.0,0,3.31
2021-02-03,1,26.9,14.4,19.5,0.0,0,1.96
2021-02-04,2,27.7,11.7,19.1,0.0,0,2.02
2021-02-05,1,27.9,11.8,19.1,0.0,0,2.12
2021-02-06,0,28.7,13.3,20.2,0.0,0,1.77
2021-02-07,0,29.3,13.0,20.3,0.0,0,1.78
2021-02-08,3,30.4,14.1,21.4,0.0,0,3.21
2021-02-09,53,22.3,17.7,19.5,1.9,9,4.3
2021-02-10,63,17.4,12.2,14.6,28.2,17,4.21
2021-02-11,51,19.9,13.4,16.0,0.2,2,3.73
2021-02-12,3,21.6,11.6,17.1,0.0,0,2.32
2021-02-13,3,24.1,12.4,18.5,0.0,0,1.97
2021-02-14,3,25.1,13.0,19.0,0.0,0,2.98
2021-02-15,0,28.0,12.4,19.0,0.0,0,2.2
2021-02-16,2,27.8,11.4,19.4,0.0,0,4.0
2021-02-17,1,23.9,15.0,19.0,0.0,0,4.7
2021-02-18,0,24.0,12.4,17.5,0.0,0,3.24
2021-02-19,1,24.5,9.0,16.3,0.0,0,2.42
2021-02-20,1,26.7,9.6,17.5,0.0,0,2.26
2021-02-21,1,27.7,11.7,19.1,0.0,0,3.01
2021-02-22,0,29.5,12.9,20.7,0.0,0,2.0
2021-02-23,2,30.9,15.4,22.3,0.0,0,2.7
2021-02-24,1,29.2,15.5,21.6,0.0,0,2.73
2021-02-25,53,25.2,17.0,20.5,2.4,8,2.48
2021-02-26,51,23.2,15.1,19.0,1.7,8,3.71
2021-02-27,55,16.6,12.8,15.0,2.0,3,3.86
2021-02-28,3,27.6,16.0,20.3,0.0,0,2.53
2021-03-01,53,28.3,17.0,22.2,2.7,8,3.4
2021-03-02,51,21.7,14.9,17.5,0.4,3,5.54
2021-03-03,3,22.9,15.3,18.2,0.0,0,2.83
2021-03-04,63,19.8,15.6,17.0,10.2,15,1.56
2021-03-05,55,23.6,15.5,19.2,2.5,9,2.82
2021-03-06,65,25.2,17.5,21.0,32.9,13,2.12
2021-03-07,3,21.2,16.5,18.5,0.0,0,3.58
2021-03-08,3,23.3,15.6,19.1,0.0,0,3.02
2021-03-09,3,23.4,16.6,20.3,0.0,0,1.86
2021-03-10,3,26.2,16.0,20.8,0.0,0,2.91
2021-03-11,51,26.6,17.9,22.0,1.3,9,1.84
2021-03-12,3,28.0,19.7,23.1,0.0,0,3.0
2021-03-13,51,26.3,19.1,22.2,0.6,5,1.77
2021-03-14,51,26.9,18.9,22.3,1.0,7,1.34
2021-03-15,3,29.6,17.3,22.7,0.0,0,3.3
2021-03-16,3,30.5,18.1,23.7,0.0,0,2.11
2021-03-17,3,32.3,18.2,24.7,0.0,0,2.91
2021-03-18,3,31.8,20.4,25.0,0.0,0,2.77
2021-03-19,2,31.6,19.5,24.9,0.0,0,2.92
2021-03-20,3,31.7,20.1,25.0,0.0,0,3.32
2021-03-21,3,20.7,13.6,16.2,0.0,0,5.8
2021-03-22,51,17.6,12.8,15.1,0.1,1,4.52
2021-03-23,53,20.4,13.7,16.5,2.5,8,2.33
2021-03-24,51,25.6,13.5,18.8,0.5,3,3.08
2021-03-25,1,30.1,13.2,21.4,0.0,0,2.58
2021-03-26,0,30.1,15.0,22.0,0.0,0,2.75
2021-03-27,3,30.2,19.0,24.4,0.0,0,3.77
2021-03-28,51,33.2,20.5,26.2,0.2,2,3.16
2021-03-29,51,31.6,21.4,26.0,0.1,1,5.02
2021-03-30,51,33.1,24.0,27.5,0.6,6,4.84
2021-03-31,3,30.8,24.2,26.7,0.0,0,4.75
2021-04-01,51,33.0,23.1,27.2,0.1,1,4.96
2021-04-02,3,33.6,22.6,27.5,0.0,0,3.16
2021-04-03,3,34.6,23.3,28.4,0.0,0,1.61
2021-04-04,51,28.1,21.2,24.9,0.1,1,4.34
2021-04-05,51,23.5,19.1,20.9,0.5,4,2.94
2021-04-06,3,30.5,19.4,24.6,0.0,0,1.94
2021-04-07,3,29.4,19.7,24.1,0.0,0,3.0
2021-04-08,51,23.8,19.0,21.2,1.8,9,3.38
2021-04-09,53,24.3,17.9,20.3,0.9,4,3.47
2021-04-10,2,29.5,17.1,23.0,0.0,0,1.84
2021-04-11,2,33.1,19.2,25.2,0.0,0,2.1
2021-04-12,3,31.0,19.2,25.5,0.0,0,3.44
2021-04-13,51,33.3,21.2,27.1,0.5,4,2.33
2021-04-14,51,31.1,24.0,26.8,0.5,5,3.51
2021-04-15,53,27.1,21.4,23.8,1.2,5,3.16
2021-04-16,53,25.5,21.4,23.1,3.8,15,1.92
2021-04-17,51,27.9,20.8,24.1,0.1,1,3.02
2021-04-18,51,30.4,22.3,25.4,0.5,4,2.35
2021-04-19,61,23.1,19.9,20.9,5.1,8,2.6
2021-04-20,51,26.9,18.9,22.7,0.2,2,2.35
2021-04-21,3,33.4,19.0,25.7,0.0,0,3.21
2021-04-22,2,32.8,20.4,26.6,0.0,0,3.2
2021-04-23,51,34.1,24.1,28.8,0.3,3,3.5
2021-04-24,51,32.7,23.9,27.3,0.5,4,3.48
2021-04-25,61,25.3,20.8,23.2,9.6,12,3.23
2021-04-26,55,27.9,21.0,23.8,1.9,3,2.42
2021-04-27,55,25.5,20.7,22.3,6.3,21,1.84
2021-04-28,61,24.3,19.5,21.9,18.3,24,3.2
2021-04-29,51,28.9,19.0,22.7,0.4,2,3.36
2021-04-30,1,32.6,16.5,24.4,0.0,0,2.33
2021-05-01,2,34.5,19.8,26.5,0.0,0,1.84
2021-05-02,51,34.7,21.6,26.8,0.1,1,4.01
2021-05-03,63,24.1,22.2,23.1,14.4,18,2.97
2021-05-04,61,30.4,22.4,25.7,5.9,11,3.55
2021-05-05,53,31.5,22.5,26.7,1.3,5,2.97
2021-05-06,3,31.2,22.8,26.5,0.0,0,2.44
2021-05-07,1,34.2,22.3,28.1,0.0,0,2.97
2021-05-08,51,35.4,23.7,29.0,0.3,3,3.83
2021-05-09,61,36.0,25.2,29.2,4.2,5,3.55
2021-05-10,51,35.0,25.3,29.4,0.1,1,4.2
2021-05-11,51,35.9,25.7,30.2,0.1,1,4.72
2021-05-12,55,34.9,26.7,29.5,3.5,14,4.38
2021-05-13,51,33.8,25.7,29.2,1.6,9,4.37
2021-05-14,53,34.7,26.5,29.6,2.1,8,4.05
2021-05-15,2,36.4,25.7,30.6,0.0,0,4.66
2021-05-16,51,36.9,26.6,31.2,0.2,2,4.61
2021-05-17,61,33.6,27.2,29.5,4.3,10,3.89
2021-05-18,53,32.8,25.8,28.6,4.6,11,3.89
2021-05-19,61,35.1,26.1,29.8,4.0,12,4.92
2021-05-20,51,35.9,27.0,30.7,0.3,3,5.1
2021-05-21,53,35.3,27.6,30.8,3.5,11,4.49
2021-05-22,51,36.8,26.9,31.5,0.8,8,3.98
2021-05-23,51,37.6,26.7,31.6,1.4,11,3.81
2021-05-24,63,32.9,27.1,29.3,15.4,15,2.11
2021-05-25,65,31.7,25.8,27.8,23.6,11,2.3
2021-05-26,51,32.8,25.8,29.0,1.1,7,3.76
2021-05-27,51,34.7,25.9,29.9,1.4,8,3.89
2021-05-28,51,36.0,26.6,31.2,0.3,1,4.79
2021-05-29,65,32.4,26.8,28.8,16.2,16,5.13
2021-05-30,61,34.4,25.8,29.2,7.2,12,4.87
2021-05-31,63,29.4,24.8,26.3,29.3,21,2.62
2021-06-01,63,27.9,24.4,25.7,30.3,22,2.4
2021-06-02,63,28.7,24.6,26.0,16.3,19,1.91
2021-06-03,53,33.7,24.6,28.9,2.0,10,3.42
2021-06-04,63,27.6,22.3,25.5,16.1,17,3.62
2021-06-05,51,30.4,21.6,25.7,0.1,1,2.56
2021-06-06,61,32.7,23.3,27.7,2.9,5,3.64
2021-06-07,61,32.8,24.6,28.2,3.6,8,2.33
2021-06-08,63,32.2,24.8,28.3,5.7,11,3.04
2021-06-09,65,30.6,25.2,27.7,19.2,11,2.3
2021-06-10,61,33.7,25.7,28.6,4.1,9,3.06
2021-06-11,65,31.8,26.3,28.4,10.5,11,4.18
2021-06-12,63,30.7,26.0,27.8,8.3,13,4.59
2021-06-13,53,32.4,25.6,28.4,2.4,14,3.81
2021-06-14,61,32.0,26.6,28.7,4.0,10,4.12
2021-06-15,51,33.3,26.2,29.4,1.3,9,3.36
2021-06-16,53,33.2,26.6,29.5,2.2,10,3.45
2021-06-17,51,34.2,26.7,30.0,1.8,10,3.98
2021-06-18,51,34.5,27.4,30.6,1.1,7,4.2
2021-06-19,53,34.8,27.8,30.9,2.0,10,4.48
2021-06-20,53,35.3,27.6,30.7,2.6,11,3.8
2021-06-21,61,33.7,26.5,29.2,4.4,14,3.68
2021-06-22,63,26.8,24.7,25.9,49.1,22,2.05
2021-06-23,63,29.7,24.5,26.1,44.6,24,2.1
2021-06-24,63,27.6,24.3,25.4,9.6,17,2.55
2021-06-25,53,29.9,24.7,26.4,3.7,13,2.56
2021-06-26,53,30.5,25.4,27.4,2.2,11,3.16
2021-06-27,63,31.9,25.9,27.8,9.3,11,3.66
2021-06-28,61,29.4,25.7,26.8,15.6,20,3.55
2021-06-29,63,30.0,26.0,27.3,9.8,17,3.68
2021-06-30,51,33.0,26.0,28.8,2.2,11,4.83
2021-07-01,53,32.6,27.0,29.3,1.8,9,4.65
2021-07-02,53,32.9,27.7,29.6,2.4,10,3.99
2021-07-03,51,33.7,27.7,30.0,1.6,8,3.76
2021-07-04,51,34.6,27.0,30.2,0.7,4,3.45
2021-07-05,51,34.6,25.4,29.7,0.9,6,2.97
2021-07-06,61,33.2,26.0,28.4,4.3,10,2.42
2021-07-07,63,32.5,25.6,28.4,5.4,10,4.26
2021-07-08,51,33.7,26.4,29.7,1.3,6,2.62
2021-07-09,51,34.4,25.1,29.8,0.2,2,2.2
2021-07-10,3,34.1,25.2,29.7,0.0,0,2.7
2021-07-11,51,34.0,25.8,29.8,0.1,1,3.2
2021-07-12,51,34.4,26.5,30.1,1.7,8,3.16
2021-07-13,53,33.9,26.4,29.8,2.4,11,2.52
2021-07-14,53,35.4,26.5,30.5,1.1,5,2.83
2021-07-15,53,35.3,26.4,29.9,1.5,8,2.5
2021-07-16,63,34.4,24.8,27.8,13.1,15,2.2
2021-07-17,53,32.7,24.5,27.8,1.7,6,2.73
2021-07-18,63,33.5,25.2,28.8,4.6,4,3.19
2021-07-19,61,29.7,25.5,27.4,11.7,18,4.93
2021-07-20,63,29.2,24.7,26.2,24.2,24,2.92
2021-07-21,51,31.6,25.7,27.8,1.8,11,4.19
2021-07-22,2,34.1,24.3,28.9,0.0,0,2.14
2021-07-23,53,36.6,25.1,30.2,2.9,6,2.62
2021-07-24,61,35.5,25.5,29.8,5.5,9,2.52
2021-07-25,51,34.4,25.9,30.0,0.5,5,2.55
2021-07-26,51,35.2,26.5,30.5,0.6,5,2.24
2021-07-27,2,36.4,27.3,31.1,0.0,0,3.45
2021-07-28,51,36.2,27.1,30.8,1.2,5,3.05
2021-07-29,63,32.9,26.1,28.5,7.3,10,2.83
2021-07-30,61,32.1,25.8,27.8,9.2,20,2.67
2021-07-31,63,34.1,25.8,28.4,7.2,13,3.32
2021-08-01,61,34.5,25.8,29.2,6.0,16,3.06
2021-08-02,63,34.0,26.4,29.3,20.3,8,2.12
2021-08-03,63,33.1,25.2,27.8,13.6,17,3.12
2021-08-04,61,33.3,25.8,28.5,5.8,12,4.05
2021-08-05,65,28.6,26.0,27.0,49.7,19,3.67
2021-08-06,63,31.2,26.1,27.7,28.2,17,3.36
2021-08-07,63,34.4,25.8,29.3,6.7,7,2.28
2021-08-08,63,33.4,27.0,28.9,11.6,15,2.12
2021-08-09,53,31.9,26.6,28.2,4.0,15,3.04
2021-08-10,63,30.7,25.8,27.8,11.0,15,2.32
2021-08-11,63,32.6,26.0,28.1,6.9,13,2.62
2021-08-12,63,33.1,26.7,28.7,10.4,13,2.67
2021-08-13,55,32.8,26.7,28.6,2.7,8,2.82
2021-08-14,61,31.3,26.1,27.6,5.9,13,2.48
2021-08-15,61,30.9,25.6,27.3,8.0,14,2.85
2021-08-16,63,32.2,25.2,28.0,5.1,8,2.27
2021-08-17,53,34.3,25.5,29.1,1.8,6,2.38
2021-08-18,61,28.8,24.9,26.7,7.1,13,1.25
2021-08-19,63,33.6,24.9,27.8,6.4,7,2.1
2021-08-20,53,33.0,25.3,28.5,2.5,10,2.09
2021-08-21,63,33.3,26.0,28.9,5.8,9,2.51
2021-08-22,61,33.7,25.9,29.3,3.4,7,2.31
2021-08-23,51,33.7,26.4,29.5,1.3,10,3.05
2021-08-24,53,32.4,26.7,29.0,4.1,12,3.19
2021-08-25,63,32.3,25.8,28.7,8.7,9,2.61
2021-08-26,61,33.1,25.7,28.9,4.1,10,2.42
2021-08-27,63,31.5,23.8,27.2,3.0,1,4.47
2021-08-28,61,31.9,23.3,27.2,3.7,5,2.19
2021-08-29,51,33.1,24.6,28.6,0.2,2,2.33
2021-08-30,63,33.6,24.1,28.2,4.9,6,2.37
2021-08-31,63,30.7,25.6,27.3,9.5,13,1.36
2021-09-01,61,32.5,25.1,27.8,4.3,10,2.92
2021-09-02,53,33.5,24.4,28.1,2.7,6,1.6
2021-09-03,61,33.8,25.4,28.7,4.5,8,1.57
2021-09-04,55,33.3,25.3,28.7,2.4,9,1.75
2021-09-05,61,34.0,25.2,28.8,2.6,3,2.2
2021-09-06,65,32.6,25.2,28.2,28.2,9,2.14
2021-09-07,61,34.1,25.0,28.8,3.2,10,1.61
2021-09-08,61,33.5,25.1,28.5,5.0,13,1.46
2021-09-09,53,34.8,24.7,29.2,2.4,9,1.98
2021-09-10,53,33.8,25.3,29.4,2.4,10,1.33
2021-09-11,51,35.3,26.4,30.2,0.4,3,3.04
2021-09-12,1,34.2,26.2,30.1,0.0,0,2.43
2021-09-13,51,35.2,25.9,29.9,0.6,5,1.84
2021-09-14,51,32.8,26.1,28.7,0.7,5,2.24
2021-09-15,51,33.1,25.1,28.9,0.3,3,2.95
2021-09-16,51,34.2,25.0,28.7,0.1,1,2.48
2021-09-17,63,33.8,24.7,28.1,4.6,2,1.77
2021-09-18,51,33.4,25.1,28.7,1.2,8,2.2
2021-09-19,51,33.0,26.4,29.4,1.4,8,2.73
2021-09-20,61,31.5,25.4,28.4,3.5,7,2.06
2021-09-21,63,34.0,24.8,28.3,3.8,7,2.0
2021-09-22,63,32.3,25.2,28.0,4.1,6,2.88
2021-09-23,51,33.1,25.3,28.4,0.2,2,3.08
2021-09-24,51,34.0,24.3,28.6,0.7,5,3.2
2021-09-25,53,34.8,24.4,28.7,0.6,2,2.22
2021-09-26,2,35.2,23.9,28.9,0.0,0,1.58
2021-09-27,51,33.9,24.3,28.7,0.4,3,1.66
2021-09-28,51,34.1,25.2,28.8,1.3,10,1.63
2021-09-29,51,35.7,26.7,29.9,0.7,5,2.05
2021-09-30,63,36.3,26.3,29.6,5.7,6,1.92
2021-10-01,63,32.4,25.3,27.5,11.0,11,1.9
2021-10-02,61,33.7,24.7,27.8,10.1,12,1.84
2021-10-03,55,33.1,24.9,28.1,2.4,7,2.25
2021-10-04,2,33.9,23.7,27.9,0.0,0,2.47
2021-10-05,1,34.4,23.1,28.2,0.0,0,3.08
2021-10-06,2,35.3,22.2,28.6,0.0,0,3.13
2021-10-07,51,34.4,24.7,28.6,0.4,2,4.83
2021-10-08,63,27.2,24.2,25.5,69.6,22,4.52
2021-10-09,63,26.6,23.9,25.2,52.5,24,5.07
2021-10-10,53,32.2,23.7,27.5,2.5,6,3.5
2021-10-11,1,29.6,22.7,26.5,0.0,0,6.52
2021-10-12,51,24.4,21.9,23.1,0.5,3,8.41
2021-10-13,61,26.0,21.9,24.1,16.5,22,6.49
2021-10-14,51,29.1,23.4,25.6,1.0,6,3.13
2021-10-15,63,25.3,22.9,24.0,42.6,20,2.96
2021-10-16,3,26.4,21.1,23.4,0.0,0,5.61
2021-10-17,3,22.4,18.2,20.4,0.0,0,5.85
2021-10-18,3,25.6,17.0,20.4,0.0,0,3.31
2021-10-19,3,29.1,17.4,23.0,0.0,0,1.97
2021-10-20,3,29.9,21.3,25.2,0.0,0,2.57
2021-10-21,51,23.7,15.7,19.3,0.9,7,5.03
2021-10-22,53,17.3,14.2,15.8,2.9,15,5.24
2021-10-23,3,18.3,15.8,16.9,0.0,0,3.23
2021-10-24,3,21.9,16.6,18.6,0.0,0,4.47
2021-10-25,3,24.6,16.7,20.1,0.0,0,3.09
2021-10-26,3,28.8,17.0,22.7,0.0,0,2.56
2021-10-27,3,28.8,21.6,24.4,0.0,0,2.55
2021-10-28,51,28.2,22.0,24.2,0.4,2,2.56
2021-10-29,3,28.3,20.6,23.9,0.0,0,2.27
2021-10-30,51,22.8,19.9,21.0,1.2,8,2.95
2021-10-31,53,25.1,18.6,21.8,2.4,12,2.24
2021-11-01,3,27.7,19.2,23.2,0.0,0,2.55
2021-11-02,3,27.0,20.4,23.4,0.0,0,2.52
2021-11-03,3,26.2,21.3,23.3,0.0,0,2.93
2021-11-04,3,28.0,20.7,24.2,0.0,0,1.68
2021-11-05,51,30.3,21.0,25.2,0.4,4,2.77
2021-11-06,3,29.5,21.5,25.1,0.0,0,1.71
2021-11-07,61,29.3,16.4,24.3,5.8,12,5.71
2021-11-08,3,17.5,13.3,15.3,0.0,0,7.2
2021-11-09,2,21.0,12.4,15.8,0.0,0,4.87
2021-11-10,2,22.7,13.1,17.0,0.0,0,4.09
2021-11-11,1,24.2,10.9,17.1,0.0,0,2.92
2021-11-12,51,23.8,14.7,18.8,0.6,3,2.82
2021-11-13,1,24.1,15.3,19.2,0.0,0,3.27
2021-11-14,0,24.9,13.9,18.4,0.0,0,3.5
2021-11-15,2,22.1,13.6,17.6,0.0,0,1.8
2021-11-16,51,25.3,14.2,19.8,0.2,2,2.55
2021-11-17,3,24.9,17.4,20.2,0.0,0,3.41
2021-11-18,51,21.6,16.8,18.7,0.3,3,3.23
2021-11-19,3,26.6,15.9,20.5,0.0,0,1.58
2021-11-20,3,28.0,18.2,22.3,0.0,0,2.28
2021-11-21,3,28.3,17.9,22.7,0.0,0,2.2
2021-11-22,51,21.2,12.7,15.9,0.2,2,6.26
2021-11-23,3,17.0,12.1,13.7,0.0,0,4.84
2021-11-24,2,22.2,11.1,15.7,0.0,0,2.92
2021-11-25,0,25.0,11.9,17.7,0.0,0,2.21
2021-11-26,0,25.7,12.7,18.6,0.0,0,3.22
2021-11-27,1,25.3,13.3,18.7,0.0,0,3.38
2021-11-28,0,26.2,13.6,19.1,0.0,0,3.38
2021-11-29,0,26.9,15.0,20.2,0.0,0,3.51
2021-11-30,0,22.0,13.9,18.4,0.0,0,6.94
2021-12-01,1,19.1,10.9,14.2,0.0,0,5.07
2021-12-02,1,20.3,8.3,13.4,0.0,0,3.88
2021-12-03,1,21.6,7.1,13.7,0.0,0,4.37
2021-12-04,1,21.8,7.2,13.6,0.0,0,2.88
2021-12-05,1,22.4,7.4,14.0,0.0,0,2.92
2021-12-06,1,23.0,8.2,14.9,0.0,0,3.76
2021-12-07,1,24.3,9.4,16.5,0.0,0,3.54
2021-12-08,3,26.0,11.6,18.5,0.0,0,2.2
2021-12-09,2,24.8,12.6,18.0,0.0,0,2.73
2021-12-10,0,25.6,12.1,18.0,0.0,0,2.38
2021-12-11,1,26.6,13.2,18.8,0.0,0,2.47
2021-12-12,0,25.6,13.4,18.7,0.0,0,5.12
2021-12-13,1,21.3,13.8,16.5,0.0,0,4.4
2021-12-14,3,24.3,12.0,17.8,0.0,0,1.92
2021-12-15,51,23.6,17.1,20.4,1.3,10,3.29
2021-12-16,55,27.2,18.5,22.1,4.3,15,2.1
2021-12-17,53,20.5,14.2,18.2,2.2,5,5.63
2021-12-18,3,19.2,12.9,15.2,0.0,0,4.56
2021-12-19,3,18.4,10.3,14.1,0.0,0,3.61
2021-12-20,61,14.9,11.7,13.3,8.3,16,3.25
2021-12-21,63,15.5,12.0,13.6,21.6,17,3.58
2021-12-22,3,20.2,13.6,16.5,0.0,0,2.64
2021-12-23,53,20.4,15.3,17.1,1.2,5,1.66
2021-12-24,51,22.6,15.7,18.2,0.3,3,2.64
2021-12-25,2,19.2,13.1,15.7,0.0,0,4.27
2021-12-26,53,13.0,5.9,10.7,2.1,7,5.07
2021-12-27,53,11.3,4.9,7.7,3.4,9,4.46
2021-12-28,3,16.0,8.0,11.4,0.0,0,3.0
2021-12-29,3,17.9,9.4,13.2,0.0,0,3.71
2021-12-30,2,19.7,11.2,14.5,0.0,0,3.44
2021-12-31,3,19.9,11.1,14.9,0.0,0,3.18
2022-01-01,1,21.5,10.9,15.7,0.0,0,2.31
2022-01-01,1,21.5,10.9,15.7,0.0,0,2.31
2022-01-02,2,22.0,11.1,15.8,0.0,0,3.04
2022-01-03,1,23.7,10.6,16.4,0.0,0,2.2
2022-01-04,3,25.5,11.5,17.5,0.0,0,1.87
2022-01-05,53,25.1,16.2,20.1,2.3,9,2.69
2022-01-06,2,21.8,15.2,17.8,0.0,0,4.3
2022-01-07,2,20.8,13.1,16.2,0.0,0,3.4
2022-01-08,3,21.0,10.6,15.3,0.0,0,2.64
2022-01-09,2,17.3,11.8,14.3,0.0,0,3.34
2022-01-10,3,17.9,11.1,14.2,0.0,0,3.74
2022-01-11,51,14.9,10.2,12.4,0.3,3,5.44
2022-01-12,3,16.9,9.8,13.3,0.0,0,2.47
2022-01-13,3,18.0,11.4,14.4,0.0,0,4.18
2022-01-14,3,17.9,8.8,13.6,0.0,0,1.97
2022-01-15,3,22.8,11.6,17.2,0.0,0,1.52
2022-01-16,3,26.0,13.1,18.5,0.0,0,2.25
2022-01-17,3,19.6,13.5,15.8,0.0,0,3.52
2022-01-18,51,17.5,12.0,14.1,0.1,1,2.83
2022-01-19,3,19.6,11.2,14.6,0.0,0,2.97
2022-01-20,1,22.5,8.0,15.0,0.0,0,2.05
2022-01-21,51,24.8,12.7,17.9,0.2,2,2.24
2022-01-22,53,19.7,15.5,17.1,4.0,14,1.8
2022-01-23,51,20.6,15.9,18.1,0.8,6,1.51
2022-01-24,51,19.4,15.7,17.5,1.3,7,3.4
2022-01-25,3,21.1,13.1,16.3,0.0,0,3.01
2022-01-26,51,23.2,14.5,18.2,0.2,2,1.8
2022-01-27,51,25.7,17.3,20.7,1.2,7,1.73
2022-01-28,3,22.2,14.7,17.7,0.0,0,3.02
2022-01-29,3,17.2,10.2,13.6,0.0,0,4.4
2022-01-30,53,14.6,7.0,10.2,0.8,3,5.42
2022-01-31,51,12.5,7.1,9.0,1.7,9,3.77
2022-02-01,55,9.8,7.9,8.9,6.6,18,3.55
2022-02-02,53,11.4,8.0,9.7,2.8,13,3.45
2022-02-03,61,9.7,7.1,8.4,10.4,14,3.81
2022-02-04,51,13.8,7.9,9.9,0.1,1,4.24
2022-02-05,3,14.6,8.1,11.0,0.0,0,3.26
2022-02-06,3,18.7,10.2,13.8,0.0,0,2.67
2022-02-07,55,16.1,12.3,13.8,4.9,12,3.9
2022-02-08,51,14.4,9.9,11.8,0.2,2,4.17
2022-02-09,51,17.4,9.0,11.8,0.5,3,3.49
2022-02-10,51,19.3,9.9,13.7,1.1,5,2.15
2022-02-11,3,24.4,12.5,18.1,0.0,0,2.13
2022-02-12,3,22.2,13.7,17.1,0.0,0,3.18
2022-02-13,51,15.2,10.6,12.6,1.8,15,4.11
2022-02-14,3,19.2,9.7,13.6,0.0,0,4.21
2022-02-15,3,21.2,11.5,15.7,0.0,0,2.48
2022-02-16,3,23.8,11.8,17.1,0.0,0,2.1
2022-02-17,53,16.9,14.2,15.3,1.8,9,1.9
2022-02-18,53,21.7,10.2,15.9,2.3,4,3.31
2022-02-19,63,10.0,6.2,7.8,20.2,23,5.42
2022-02-20,63,6.3,5.2,5.8,32.8,24,5.5
2022-02-21,61,6.9,5.1,6.0,19.2,23,4.57
2022-02-22,61,8.1,5.9,6.6,12.2,21,4.02
2022-02-23,63,12.0,5.5,7.8,11.6,10,4.41
2022-02-24,3,15.2,6.9,10.4,0.0,0,3.83
2022-02-25,3,20.0,7.4,13.1,0.0,0,1.75
2022-02-26,3,23.1,9.2,15.5,0.0,0,1.84
2022-02-27,2,25.4,11.3,17.6,0.0,0,2.72
2022-02-28,3,25.7,11.4,18.4,0.0,0,2.91
2022-03-01,3,29.0,16.3,21.9,0.0,0,2.52
2022-03-02,51,26.0,16.2,21.0,0.4,3,3.28
2022-03-03,51,27.7,18.3,21.9,0.2,2,2.5
2022-03-04,3,27.9,16.7,21.9,0.0,0,2.21
2022-03-05,51,28.8,16.5,22.5,0.1,1,2.3
2022-03-06,51,24.3,17.9,20.7,1.0,6,2.94
2022-03-07,61,22.0,14.4,18.4,5.5,6,5.83
2022-03-08,0,24.1,10.8,16.1,0.0,0,2.48
2022-03-09,0,25.7,7.4,16.1,0.0,0,2.47
2022-03-10,1,28.2,11.1,19.3,0.0,0,2.06
2022-03-11,3,27.2,14.7,20.8,0.0,0,1.5
2022-03-12,3,29.7,15.1,22.1,0.0,0,3.11
2022-03-13,51,29.1,19.8,23.9,1.1,7,2.33
2022-03-14,3,32.2,18.6,24.8,0.0,0,1.57
2022-03-15,51,32.4,19.7,25.4,0.2,2,2.25
2022-03-16,3,30.3,19.8,24.8,0.0,0,3.14
2022-03-17,53,29.2,22.0,24.8,1.4,9,4.08
2022-03-18,3,28.5,20.8,23.9,0.0,0,3.92
2022-03-19,51,29.6,19.5,24.1,0.8,4,3.31
2022-03-20,53,26.0,20.8,22.6,1.5,4,3.56
2022-03-21,51,30.3,20.6,24.7,0.6,2,4.71
2022-03-22,63,28.2,13.8,23.3,14.5,18,5.08
2022-03-23,63,14.0,12.1,13.0,32.8,24,4.16
2022-03-24,63,17.3,13.0,14.9,28.2,22,1.93
2022-03-25,63,23.5,15.8,20.2,8.5,17,4.18
2022-03-26,63,26.4,18.3,23.6,27.6,22,4.34
2022-03-27,61,22.4,14.9,18.3,7.2,10,4.06
2022-03-28,61,15.3,13.1,14.3,11.1,20,3.05
2022-03-29,63,21.6,14.8,18.0,15.1,11,1.92
2022-03-30,51,28.7,17.3,22.4,1.8,9,2.2
2022-03-31,63,30.0,19.5,24.4,14.2,13,3.91
2022-04-01,51,19.1,13.5,16.1,1.5,7,5.25
2022-04-02,53,14.3,11.2,12.8,6.3,18,4.59
2022-04-03,2,23.8,12.4,17.0,0.0,0,3.8
2022-04-04,0,25.8,9.6,17.3,0.0,0,2.69
2022-04-05,0,27.8,9.3,19.0,0.0,0,1.92
2022-04-06,3,28.3,14.3,21.4,0.0,0,1.73
2022-04-07,51,28.7,17.4,22.9,0.1,1,2.97
2022-04-08,1,30.3,15.6,22.4,0.0,0,1.89
2022-04-09,1,30.2,13.3,21.8,0.0,0,1.9
2022-04-10,0,30.9,14.9,22.8,0.0,0,2.28
2022-04-11,51,30.3,17.7,24.1,0.8,7,1.88
2022-04-12,51,30.4,19.2,25.2,0.1,1,3.07
2022-04-13,53,27.7,22.2,24.2,3.0,11,3.36
2022-04-14,1,28.1,19.0,23.2,0.0,0,3.96
2022-04-15,51,29.3,20.4,24.5,0.3,3,2.55
2022-04-16,53,23.9,17.0,20.9,1.1,3,3.26
2022-04-17,51,25.0,16.0,19.7,0.2,2,3.11
2022-04-18,61,18.8,16.0,17.5,3.6,13,3.01
2022-04-19,53,16.5,14.7,15.5,3.0,14,2.6
2022-04-20,55,21.9,16.0,18.7,2.6,9,1.8
2022-04-21,51,28.8,18.1,23.4,0.1,1,3.19
2022-04-22,3,30.6,20.9,25.3,0.0,0,3.79
2022-04-23,61,30.9,22.1,25.6,2.7,9,2.97
2022-04-24,51,32.0,22.5,26.6,0.7,3,3.58
2022-04-25,51,31.9,24.8,27.7,0.4,3,4.71
2022-04-26,51,30.8,24.1,27.4,1.1,11,4.43
2022-04-27,51,33.1,24.3,28.2,0.3,3,3.64
2022-04-28,51,33.2,25.1,28.5,0.7,6,4.34
2022-04-29,51,32.9,23.3,27.6,0.8,5,3.13
2022-04-30,53,28.7,20.0,24.8,3.3,12,2.79
2022-05-01,63,19.7,15.0,16.8,22.8,24,4.65
2022-05-02,61,19.3,14.5,16.6,10.8,15,4.43
2022-05-03,0,27.9,14.7,20.9,0.0,0,3.36
2022-05-04,2,29.9,17.5,23.2,0.0,0,1.66
2022-05-05,3,31.2,17.9,24.4,0.0,0,1.9
2022-05-06,3,30.5,19.7,25.1,0.0,0,2.1
2022-05-07,63,29.2,21.8,24.4,19.6,15,1.4
2022-05-08,55,24.8,20.9,22.6,6.5,16,1.96
2022-05-09,53,27.2,20.2,23.7,5.0,15,1.36
2022-05-10,61,25.0,21.5,23.5,13.7,21,3.83
2022-05-11,63,26.4,22.9,24.2,25.7,24,3.14
2022-05-12,63,25.0,23.6,24.3,43.0,24,4.89
2022-05-13,65,24.8,21.9,23.8,66.8,24,3.3
2022-05-14,61,23.1,21.1,22.0,5.9,16,2.33
2022-05-15,61,22.0,17.8,20.2,15.0,21,3.8
2022-05-16,53,19.4,16.8,18.0,4.4,13,4.03
2022-05-17,3,27.7,15.2,21.2,0.0,0,2.52
2022-05-18,3,30.2,16.1,23.0,0.0,0,1.77
2022-05-19,3,30.2,21.0,25.5,0.0,0,1.39
2022-05-20,51,31.2,22.7,26.9,0.7,6,2.91
2022-05-21,63,29.1,23.7,25.5,10.7,18,2.14
2022-05-22,53,27.0,22.2,24.3,3.9,16,1.98
2022-05-23,51,28.1,22.1,24.8,1.2,10,2.75
2022-05-24,61,26.5,22.9,24.7,7.6,15,2.1
2022-05-25,51,28.9,23.7,26.2,1.9,17,1.84
2022-05-26,63,30.1,24.2,26.6,18.3,18,2.3
2022-05-27,63,27.6,24.7,25.5,19.9,22,3.61
2022-05-28,63,30.8,24.7,27.1,10.0,19,4.0
2022-05-29,53,31.5,25.5,28.3,2.6,16,3.52
2022-05-30,63,31.3,25.6,27.9,8.5,11,2.56
2022-05-31,55,30.5,25.3,27.2,5.9,14,3.3
2022-06-01,63,30.9,25.0,27.3,9.1,11,3.1
2022-06-02,63,31.3,25.5,27.6,11.8,12,3.93
2022-06-03,63,31.0,25.6,27.0,25.9,21,3.93
2022-06-04,61,30.9,25.9,28.3,8.0,16,4.62
2022-06-05,63,31.6,26.9,28.6,5.9,12,4.18
2022-06-06,63,29.6,24.6,27.1,23.7,17,2.97
2022-06-07,63,29.0,23.8,25.4,38.6,24,3.05
2022-06-08,61,26.4,23.5,24.9,18.3,24,4.0
2022-06-09,61,26.2,23.7,25.0,16.5,23,3.7
2022-06-10,63,29.5,24.6,26.0,25.8,21,3.23
2022-06-11,63,28.0,24.5,25.7,20.3,22,3.81
2022-06-12,63,28.0,23.8,25.6,21.4,23,4.08
2022-06-13,63,29.6,24.8,26.7,29.7,23,3.72
2022-06-14,63,25.6,24.2,24.9,40.7,23,3.61
2022-06-15,61,27.6,23.8,24.8,16.3,23,2.02
2022-06-16,65,26.9,23.5,25.1,33.9,23,3.19
2022-06-17,61,29.2,24.9,26.8,17.1,24,3.27
2022-06-18,53,30.0,25.5,27.3,1.6,10,3.97
2022-06-19,63,30.3,25.8,27.3,6.9,12,3.89
2022-06-20,61,28.7,26.2,27.3,9.2,16,3.81
2022-06-21,51,29.0,26.1,27.5,1.7,11,3.11
2022-06-22,51,33.2,25.8,29.1,0.2,2,3.62
2022-06-23,63,34.3,25.4,28.9,4.8,9,2.55
2022-06-24,53,33.6,25.2,29.0,0.9,4,2.69
2022-06-25,61,33.2,25.0,28.5,3.4,12,2.75
2022-06-26,61,32.4,25.4,28.5,3.7,8,2.91
2022-06-27,51,33.3,25.4,29.1,0.7,7,3.57
2022-06-28,51,34.6,25.6,29.9,0.3,3,2.5
2022-06-29,61,32.8,26.3,29.2,5.5,6,2.79
2022-06-30,63,31.0,26.3,28.0,10.8,12,3.79
2022-07-01,63,31.2,25.7,27.6,15.4,13,5.41
2022-07-02,63,27.9,25.7,26.5,20.9,24,5.3
2022-07-03,61,29.7,26.0,27.5,12.7,24,4.96
2022-07-04,61,28.3,26.5,27.3,16.3,24,4.62
2022-07-05,63,28.2,26.4,27.1,24.1,23,3.96
2022-07-06,63,28.7,25.5,26.7,13.2,22,3.08
2022-07-07,61,30.5,25.5,27.2,6.0,16,3.49
2022-07-08,63,33.2,24.6,28.2,8.6,9,2.34
2022-07-09,53,34.6,25.3,29.1,1.9,9,2.27
2022-07-10,51,34.3,25.7,29.7,1.4,6,2.22
2022-07-11,51,34.3,25.5,29.8,1.3,8,2.25
2022-07-12,51,34.6,25.5,29.9,0.6,5,1.48
2022-07-13,1,35.4,25.1,30.1,0.0,0,1.39
2022-07-14,53,34.9,26.3,30.1,1.3,7,1.75
2022-07-15,61,34.0,26.7,29.6,2.1,5,3.14
2022-07-16,61,34.3,27.2,29.9,3.0,11,3.52
2022-07-17,53,32.6,27.8,29.9,4.0,15,3.89
2022-07-18,51,33.8,28.3,30.1,2.3,14,3.55
2022-07-19,51,32.5,27.2,29.5,0.7,7,2.98
2022-07-20,61,34.1,26.8,30.1,2.3,8,3.41
2022-07-21,53,34.7,25.2,30.1,1.7,9,2.5
2022-07-22,51,35.9,26.2,30.9,0.4,3,1.9
2022-07-23,51,36.0,26.6,31.0,0.2,2,2.1
2022-07-24,1,36.5,26.8,31.1,0.0,0,1.9
2022-07-25,51,36.8,27.0,31.5,0.1,1,1.72
2022-07-26,51,35.1,27.8,30.9,1.1,8,2.27
2022-07-27,51,35.5,26.3,30.4,0.4,4,2.06
2022-07-28,2,36.2,25.7,30.9,0.0,0,2.12
2022-07-29,51,35.7,26.9,30.6,0.2,2,2.26
2022-07-30,1,34.9,26.2,29.4,0.0,0,2.62
2022-07-31,51,35.8,24.8,29.8,0.3,1,2.02
2022-08-01,51,35.6,26.4,30.3,0.3,3,1.55
2022-08-02,61,36.7,26.0,29.9,2.9,9,2.38
2022-08-03,61,29.4,25.8,27.3,10.2,24,2.06
2022-08-04,63,26.5,25.4,25.8,17.1,21,3.85
2022-08-05,61,31.1,24.8,27.3,8.7,18,4.09
2022-08-06,63,33.3,24.9,28.2,5.9,7,2.55
2022-08-07,61,35.0,24.5,29.0,1.8,1,2.97
2022-08-08,63,34.0,26.0,28.9,9.5,10,3.35
2022-08-09,63,29.6,23.7,26.1,15.1,17,4.5
2022-08-10,61,28.7,24.8,26.5,9.7,16,4.96
2022-08-11,61,31.5,24.8,27.3,4.9,11,3.28
2022-08-12,63,30.5,24.1,26.3,10.5,8,2.63
2022-08-13,63,31.4,24.4,27.6,12.3,10,2.35
2022-08-14,61,34.1,25.5,29.0,3.8,10,1.61
2022-08-15,51,35.4,26.4,30.0,1.1,11,1.22
2022-08-16,63,34.3,26.5,29.6,5.0,10,2.39
2022-08-17,63,32.4,25.6,28.2,13.4,11,2.91
2022-08-18,63,31.4,24.8,27.5,8.0,8,2.12
2022-08-19,53,31.4,25.0,28.0,2.1,9,2.86
2022-08-20,53,31.2,25.1,27.7,1.8,8,4.44
2022-08-21,51,33.0,24.0,28.2,0.9,6,2.69
2022-08-22,51,33.6,25.0,29.1,0.6,5,2.66
2022-08-23,51,36.0,25.1,30.2,0.2,2,1.62
2022-08-24,51,35.2,26.1,29.7,0.3,2,5.12
2022-08-25,61,29.8,24.7,26.7,8.7,14,4.8
2022-08-26,61,32.6,24.0,27.9,5.5,14,2.47
2022-08-27,2,33.9,25.3,29.2,0.0,0,2.4
2022-08-28,63,33.7,26.6,29.0,8.5,7,3.04
2022-08-29,63,32.2,26.2,28.6,9.3,6,1.94
2022-08-30,61,32.4,25.7,28.4,6.9,10,1.3
2022-08-31,63,33.0,26.0,28.5,13.8,13,2.82
2022-09-01,61,31.2,25.5,27.8,3.7,7,2.94
2022-09-02,3,30.4,24.8,27.4,0.0,0,5.3
2022-09-03,2,32.5,23.8,28.1,0.0,0,4.0
2022-09-04,2,32.4,24.3,28.2,0.0,0,4.41
2022-09-05,2,31.9,24.8,28.1,0.0,0,3.23
2022-09-06,51,34.0,24.6,28.6,0.6,3,2.5
2022-09-07,53,30.0,25.5,27.2,1.6,6,2.75
2022-09-08,63,33.5,24.8,27.7,5.7,4,2.25
2022-09-09,51,33.0,23.8,28.0,0.2,2,1.77
2022-09-10,51,33.8,24.0,27.9,0.4,4,2.06
2022-09-11,3,33.9,25.2,28.8,0.0,0,2.44
2022-09-12,0,34.8,23.1,28.5,0.0,0,2.91
2022-09-13,0,34.9,22.6,28.7,0.0,0,3.58
2022-09-14,0,34.2,23.0,28.6,0.0,0,3.88
2022-09-15,2,34.4,22.5,28.4,0.0,0,3.3
2022-09-16,0,35.3,24.4,29.1,0.0,0,2.69
2022-09-17,1,35.4,22.6,28.6,0.0,0,1.77
2022-09-18,1,36.4,24.6,30.0,0.0,0,2.2
2022-09-19,2,37.4,26.0,30.9,0.0,0,2.7
2022-09-20,51,34.4,25.2,29.0,1.1,8,3.07
2022-09-21,53,32.5,25.2,27.7,2.9,13,1.43
2022-09-22,51,33.5,24.0,28.0,0.2,2,1.36
2022-09-23,2,34.4,23.8,28.6,0.0,0,3.01
2022-09-24,51,31.8,24.8,27.7,0.6,6,2.28
2022-09-25,2,35.2,23.0,28.5,0.0,0,2.9
2022-09-26,2,35.6,23.0,29.0,0.0,0,3.26
2022-09-27,51,34.7,25.8,29.6,0.1,1,4.3
2022-09-28,2,36.3,24.5,29.9,0.0,0,3.42
2022-09-29,3,35.3,24.6,29.1,0.0,0,3.19
2022-09-30,51,32.5,25.5,28.5,0.9,7,4.14
2022-10-01,51,33.0,25.2,28.5,0.3,2,3.41
2022-10-02,51,34.6,24.3,28.7,0.3,3,3.11
2022-10-03,2,36.1,24.1,29.5,0.0,0,1.77
2022-10-04,51,37.4,24.7,30.1,0.2,2,2.31
2022-10-05,51,35.4,26.6,30.0,0.6,6,3.45
2022-10-06,2,34.6,24.7,29.1,0.0,0,2.5
2022-10-07,3,31.4,24.0,27.1,0.0,0,3.77
2022-10-08,1,31.0,21.5,25.5,0.0,0,3.31
2022-10-09,3,30.0,20.9,24.9,0.0,0,5.6
2022-10-10,1,26.7,19.5,22.4,0.0,0,6.14
2022-10-11,0,27.4,17.5,22.0,0.0,0,4.12
2022-10-12,1,28.8,16.3,22.2,0.0,0,3.94
2022-10-13,1,30.5,17.7,24.3,0.0,0,3.89
2022-10-14,0,30.9,20.0,25.1,0.0,0,3.68
2022-10-15,2,31.2,20.3,25.7,0.0,0,4.02
2022-10-16,3,30.7,23.7,26.9,0.0,0,6.04
2022-10-17,3,26.7,24.3,25.7,0.0,0,7.16
2022-10-18,61,25.8,17.4,21.2,7.9,10,5.87
2022-10-19,3,26.5,19.2,22.4,0.0,0,4.4
2022-10-20,1,30.1,18.5,23.2,0.0,0,3.05
2022-10-21,0,32.4,17.7,24.6,0.0,0,2.25
2022-10-22,3,32.7,17.8,25.2,0.0,0,3.68
2022-10-23,1,32.5,22.2,26.6,0.0,0,3.55
2022-10-24,3,32.6,20.6,25.7,0.0,0,2.82
2022-10-25,1,30.5,18.1,23.8,0.0,0,2.65
2022-10-26,1,30.6,16.5,22.9,0.0,0,1.66
2022-10-27,1,31.6,17.2,24.2,0.0,0,2.53
2022-10-28,2,30.1,20.4,25.0,0.0,0,3.86
2022-10-29,3,28.9,21.5,24.6,0.0,0,5.05
2022-10-30,1,28.4,21.0,24.2,0.0,0,5.85
2022-10-31,3,27.8,21.4,24.4,0.0,0,7.18
2022-11-01,63,24.6,17.6,20.8,19.1,16,6.07
2022-11-02,63,18.7,17.7,18.1,40.8,24,5.64
2022-11-03,53,21.9,18.1,20.2,5.9,23,4.24
2022-11-04,51,21.7,18.7,20.2,0.4,3,3.76
2022-11-05,3,21.2,17.1,18.8,0.0,0,3.4
2022-11-06,53,21.2,16.1,18.7,4.3,15,2.19
2022-11-07,55,22.8,17.4,19.8,9.9,22,2.47
2022-11-08,55,22.9,18.4,20.5,9.2,22,2.11
2022-11-09,51,27.9,19.8,23.2,0.7,3,1.92
2022-11-10,51,29.7,19.7,24.2,0.2,2,1.5
2022-11-11,3,30.9,20.5,24.4,0.0,0,1.58
2022-11-12,3,29.7,19.6,23.8,0.0,0,1.51
2022-11-13,51,31.7,19.2,24.6,0.2,2,1.92
2022-11-14,51,29.3,21.6,24.3,0.2,2,3.0
2022-11-15,3,26.2,21.2,23.2,0.0,0,2.38
2022-11-16,51,26.4,20.5,22.8,0.1,1,1.8
2022-11-17,51,28.9,19.9,24.0,0.1,1,1.92
2022-11-18,3,30.1,20.4,24.3,0.0,0,1.78
2022-11-19,3,28.4,19.9,23.6,0.0,0,3.83
2022-11-20,2,29.1,19.3,23.2,0.0,0,3.13
2022-11-21,51,29.4,19.6,24.0,0.2,2,3.65
2022-11-22,61,24.7,20.9,23.0,11.5,19,2.92
2022-11-23,61,23.0,20.9,22.1,9.6,20,3.5
2022-11-24,55,21.5,19.4,20.5,5.2,16,2.21
2022-11-25,61,22.4,19.6,20.5,9.4,15,2.34
2022-11-26,61,22.7,19.6,20.8,7.7,16,2.48
2022-11-27,51,24.0,20.3,21.9,0.1,1,3.94
2022-11-28,51,27.9,21.6,24.3,0.6,5,4.69
2022-11-29,3,29.8,21.8,25.4,0.0,0,1.87
2022-11-30,3,23.5,11.3,16.2,0.0,0,5.54
2022-12-01,51,11.2,7.9,9.4,0.2,2,6.13
2022-12-02,3,15.2,6.9,10.4,0.0,0,5.06
2022-12-03,3,17.9,9.8,13.8,0.0,0,2.59
2022-12-04,51,18.3,12.8,15.2,0.2,2,3.96
2022-12-05,3,15.6,10.8,12.6,0.0,0,5.57
2022-12-06,3,15.6,10.2,12.2,0.0,0,4.05
2022-12-07,1,19.3,10.5,14.0,0.0,0,3.54
2022-12-08,2,21.6,10.9,15.2,0.0,0,3.4
2022-12-09,2,20.6,12.1,15.5,0.0,0,3.95
2022-12-10,1,19.9,12.6,15.3,0.0,0,4.13
2022-12-11,51,16.6,12.9,13.9,0.5,3,5.22
2022-12-12,2,15.6,11.6,13.2,0.0,0,5.32
2022-12-13,53,13.9,8.9,11.4,2.2,7,4.4
2022-12-14,53,10.0,7.9,9.0,10.7,24,4.48
2022-12-15,55,12.6,9.5,11.1,9.2,23,2.28
2022-12-16,55,15.9,12.5,13.6,7.4,16,5.22
2022-12-17,51,12.6,8.9,10.5,1.4,7,6.79
2022-12-18,2,12.5,6.3,8.7,0.0,0,6.3
2022-12-19,0,17.0,3.5,9.1,0.0,0,2.48
2022-12-20,3,20.2,4.2,11.8,0.0,0,2.38
2022-12-21,3,19.3,11.7,14.9,0.0,0,4.8
2022-12-22,0,20.2,6.8,13.1,0.0,0,3.7
2022-12-23,1,19.5,9.8,14.1,0.0,0,4.07
2022-12-24,2,19.6,7.1,12.3,0.0,0,3.81
2022-12-25,0,20.0,5.6,11.5,0.0,0,2.69
2022-12-26,1,20.6,5.4,12.1,0.0,0,2.66
2022-12-27,1,21.0,8.3,13.6,0.0,0,2.37
2022-12-28,1,19.2,10.8,14.0,0.0,0,4.22
2022-12-29,3,14.4,9.3,11.6,0.0,0,4.15
2022-12-30,1,14.8,7.5,10.6,0.0,0,4.71
2022-12-31,0,17.5,7.6,11.7,0.0,0,3.81
2023-01-01,53,15.7,9.0,12.5,0.6,1,3.05
2023-01-01,53,15.7,9.0,12.5,0.6,1,3.05
2023-01-02,53,15.9,12.3,14.0,1.3,5,4.0
2023-01-03,53,15.6,10.7,13.5,1.7,6,3.96
2023-01-04,51,19.6,12.0,15.2,0.6,4,2.6
2023-01-05,3,22.2,13.3,16.9,0.0,0,3.07
2023-01-06,1,22.0,13.7,17.1,0.0,0,5.03
2023-01-07,1,23.3,12.4,17.0,0.0,0,3.27
2023-01-08,61,20.4,13.6,16.0,1.4,2,2.13
2023-01-09,53,16.5,14.4,15.3,5.2,13,2.9
2023-01-10,51,16.2,15.2,15.7,1.9,12,3.16
2023-01-11,53,19.4,15.4,16.9,2.0,9,2.55
2023-01-12,51,21.5,16.3,18.9,1.3,9,2.56
2023-01-13,53,23.7,19.1,21.1,3.2,15,2.9
2023-01-14,53,27.3,19.2,22.5,2.7,15,3.67
2023-01-15,51,19.1,7.9,12.7,0.1,1,5.95
2023-01-16,3,8.2,6.5,7.4,0.0,0,5.57
2023-01-17,3,12.6,7.0,9.5,0.0,0,4.14
2023-01-18,3,15.5,8.0,10.9,0.0,0,4.05
2023-01-19,2,19.5,6.5,12.4,0.0,0,2.61
2023-01-20,51,17.6,11.7,14.4,0.1,1,3.19
2023-01-21,51,16.1,12.4,14.4,1.0,8,1.78
2023-01-22,53,19.4,13.7,15.8,7.0,13,1.84
2023-01-23,3,21.5,13.0,16.2,0.0,0,4.81
2023-01-24,3,14.0,7.9,11.5,0.0,0,7.45
2023-01-25,3,13.0,4.5,8.2,0.0,0,4.34
2023-01-26,3,18.9,8.2,13.4,0.0,0,3.36
2023-01-27,3,15.0,10.2,11.9,0.0,0,6.38
2023-01-28,1,14.3,6.1,9.5,0.0,0,5.2
2023-01-29,0,16.3,3.6,9.1,0.0,0,3.51
2023-01-30,0,21.7,2.6,10.3,0.0,0,2.2
2023-01-31,3,23.0,3.1,13.4,0.0,0,2.5
2023-02-01,3,25.3,13.0,18.4,0.0,0,1.75
2023-02-02,3,26.1,13.0,19.5,0.0,0,2.42
2023-02-03,3,23.7,14.6,18.6,0.0,0,2.69
2023-02-04,53,17.2,15.4,16.2,8.2,19,2.19
2023-02-05,61,16.9,14.2,15.3,8.9,20,2.06
2023-02-06,53,21.4,14.6,17.6,0.9,3,1.77
2023-02-07,51,23.7,17.1,19.7,0.4,3,2.83
2023-02-08,51,24.5,16.9,20.2,0.2,2,2.98
2023-02-09,3,24.9,17.4,20.6,0.0,0,2.62
2023-02-10,51,23.6,17.7,20.3,0.2,2,2.33
2023-02-11,51,25.4,18.1,20.9,0.2,2,4.01
2023-02-12,3,26.2,18.2,21.7,0.0,0,4.37
2023-02-13,51,27.8,15.8,20.4,0.9,5,5.24
2023-02-14,55,15.4,10.4,12.8,3.6,8,5.61
2023-02-15,1,17.2,8.6,12.2,0.0,0,4.65
2023-02-16,3,20.7,8.0,13.3,0.0,0,2.33
2023-02-17,2,24.5,9.9,16.5,0.0,0,1.62
2023-02-18,3,28.0,10.9,18.8,0.0,0,1.48
2023-02-19,51,26.6,16.6,21.0,0.4,4,5.01
2023-02-20,3,23.7,14.9,18.7,0.0,0,4.12
2023-02-21,1,24.0,13.1,17.8,0.0,0,3.02
2023-02-22,0,22.7,9.3,15.8,0.0,0,2.15
2023-02-23,0,25.1,9.9,16.6,0.0,0,2.0
2023-02-24,0,23.3,13.0,16.9,0.0,0,5.06
2023-02-25,3,16.4,11.3,13.3,0.0,0,5.15
2023-02-26,3,20.4,11.1,14.7,0.0,0,3.94
2023-02-27,0,23.0,7.8,14.6,0.0,0,2.41
2023-02-28,0,25.1,8.2,15.7,0.0,0,1.88
2023-03-01,0,27.4,9.6,18.8,0.0,0,2.91
2023-03-02,1,25.8,14.8,19.7,0.0,0,3.45
2023-03-03,3,26.3,11.2,18.5,0.0,0,3.11
2023-03-04,3,25.0,15.8,19.5,0.0,0,2.64
2023-03-05,0,26.6,11.0,18.2,0.0,0,1.92
2023-03-06,0,27.4,8.9,17.9,0.0,0,2.14
2023-03-07,0,27.5,10.3,18.2,0.0,0,2.2
2023-03-08,3,26.6,10.7,18.8,0.0,0,3.04
2023-03-09,3,27.6,16.5,21.7,0.0,0,2.92
2023-03-10,1,30.2,15.0,22.1,0.0,0,3.14
2023-03-11,3,29.4,14.0,21.0,0.0,0,2.8
2023-03-12,51,24.9,17.1,20.5,0.1,1,5.84
2023-03-13,3,19.5,13.9,17.6,0.0,0,4.78
2023-03-14,2,26.5,10.7,18.1,0.0,0,4.18
2023-03-15,3,26.8,14.9,20.4,0.0,0,2.04
2023-03-16,2,30.8,14.7,22.0,0.0,0,3.22
2023-03-17,3,28.8,16.3,22.1,0.0,0,2.8
2023-03-18,51,28.9,17.6,22.6,0.1,1,3.01
2023-03-19,51,25.4,19.1,21.9,0.1,1,3.23
2023-03-20,3,27.9,19.1,22.6,0.0,0,4.08
2023-03-21,51,26.2,20.2,23.2,0.2,2,4.94
2023-03-22,51,28.5,22.9,25.0,0.4,3,5.17
2023-03-23,51,30.3,22.7,25.7,0.7,4,5.64
2023-03-24,61,26.9,21.7,23.8,3.2,7,4.0
2023-03-25,63,23.6,15.7,20.7,18.8,23,3.7
2023-03-26,61,16.4,13.7,14.8,11.5,20,3.45
2023-03-27,55,18.5,14.1,15.1,5.6,15,3.22
2023-03-28,51,19.6,14.3,16.5,0.4,4,2.65
2023-03-29,55,19.5,16.1,17.5,10.5,19,1.75
2023-03-30,51,20.3,17.7,18.6,1.3,8,2.06
2023-03-31,55,22.1,17.5,19.1,7.9,17,1.57
2023-04-01,53,22.6,18.0,20.0,4.3,13,1.14
2023-04-02,53,23.8,19.2,21.3,2.9,12,2.89
2023-04-03,51,24.8,18.7,21.5,0.5,4,4.9
2023-04-04,53,25.0,20.9,22.8,1.3,4,6.4
2023-04-05,65,26.0,22.6,23.6,24.1,17,4.67
2023-04-06,65,24.8,16.9,21.9,34.6,23,4.56
2023-04-07,55,23.5,15.3,19.2,2.3,3,4.61
2023-04-08,53,21.1,15.7,18.3,0.5,1,2.88
2023-04-09,3,22.8,13.7,18.6,0.0,0,1.72
2023-04-10,3,23.6,17.2,20.3,0.0,0,2.64
2023-04-11,51,27.2,20.0,23.4,0.9,5,1.99
2023-04-12,51,29.6,19.8,24.4,1.1,7,3.16
2023-04-13,3,28.7,21.1,24.6,0.0,0,3.28
2023-04-14,51,27.7,20.5,24.3,0.5,4,2.83
2023-04-15,1,29.9,21.6,25.5,0.0,0,4.92
2023-04-16,1,33.5,18.7,25.7,0.0,0,2.68
2023-04-17,51,31.9,20.2,25.8,1.0,6,4.13
2023-04-18,53,31.2,24.6,27.2,2.5,5,4.93
2023-04-19,63,26.1,22.5,24.5,9.4,19,5.23
2023-04-20,51,30.4,21.4,25.5,1.6,12,2.06
2023-04-21,63,25.0,22.6,24.0,13.9,8,3.19
2023-04-22,53,27.5,21.7,24.1,2.1,6,4.17
2023-04-23,53,27.5,21.2,24.0,1.0,5,3.31
2023-04-24,61,25.1,18.8,21.8,5.5,9,3.23
2023-04-25,51,19.0,17.5,18.2,2.5,10,3.4
2023-04-26,3,24.9,15.8,20.0,0.0,0,4.31
2023-04-27,51,29.3,17.5,22.8,0.1,1,2.15
2023-04-28,3,29.5,19.6,24.4,0.0,0,2.88
2023-04-29,61,27.8,19.4,22.9,4.8,8,4.4
2023-04-30,3,26.3,17.9,22.1,0.0,0,3.72
2023-05-01,51,29.2,20.6,24.5,0.8,7,2.06
2023-05-02,3,30.3,20.1,24.7,0.0,0,2.73
2023-05-03,51,31.0,21.0,26.0,0.5,5,4.3
2023-05-04,51,33.9,24.6,28.5,0.1,1,4.49
2023-05-05,51,32.8,25.0,28.5,0.1,1,4.55
2023-05-06,53,31.1,25.1,27.9,1.7,7,5.48
2023-05-07,63,27.0,21.4,23.8,37.9,24,2.91
2023-05-08,61,23.3,19.3,21.3,8.0,15,3.19
2023-05-09,53,25.9,20.9,23.0,3.3,13,1.66
2023-05-10,51,29.0,20.8,24.2,0.9,6,1.72
2023-05-11,55,25.9,21.2,22.9,4.0,15,1.71
2023-05-12,51,21.9,20.3,20.9,3.9,17,2.47
2023-05-13,61,25.3,20.6,22.4,2.6,2,1.72
2023-05-14,61,27.1,20.0,22.6,3.3,6,1.58
2023-05-15,3,30.9,18.7,24.6,0.0,0,1.84
2023-05-16,51,28.9,21.5,25.4,1.3,8,4.53
2023-05-17,61,31.6,25.4,27.5,3.8,10,4.69
2023-05-18,53,34.0,25.8,28.8,2.9,13,3.58
2023-05-19,63,32.5,24.2,27.5,7.7,9,2.55
2023-05-20,53,32.4,24.9,28.0,1.5,6,3.54
2023-05-21,55,32.8,25.2,28.9,2.2,10,4.37
2023-05-22,53,34.8,24.6,28.9,2.9,9,2.84
2023-05-23,63,25.6,20.7,23.3,22.6,16,3.62
2023-05-24,55,28.2,21.6,24.5,4.0,10,2.69
2023-05-25,53,32.9,22.7,27.0,1.2,4,2.26
2023-05-26,53,33.2,24.5,28.3,1.7,10,2.7
2023-05-27,3,33.4,24.7,28.7,0.0,0,2.14
2023-05-28,51,34.7,24.6,29.1,0.4,3,1.58
2023-05-29,51,34.6,24.3,29.2,0.3,3,2.83
2023-05-30,51,38.2,26.1,31.7,0.3,2,2.92
2023-05-31,61,36.1,27.4,31.3,5.0,13,3.42
2023-06-01,53,35.6,27.5,30.2,2.8,15,2.34
2023-06-02,55,36.6,26.1,30.8,2.7,13,2.19
2023-06-03,65,35.1,26.0,28.8,31.9,16,1.77
2023-06-04,63,32.4,25.7,28.8,7.0,15,2.92
2023-06-05,51,34.3,26.1,29.3,0.8,7,2.98
2023-06-06,63,31.9,25.1,27.2,18.5,12,3.28
2023-06-07,61,32.1,24.8,27.1,8.3,19,3.27
2023-06-08,61,32.0,24.9,27.6,6.4,15,2.82
2023-06-09,63,32.3,25.5,27.7,8.5,15,2.46
2023-06-10,63,31.2,24.6,27.1,7.5,10,1.43
2023-06-11,51,34.1,24.7,28.6,0.3,3,1.98
2023-06-12,2,35.2,25.3,29.9,0.0,0,2.15
2023-06-13,61,33.7,25.2,28.3,10.9,12,2.01
2023-06-14,65,30.7,24.8,26.5,29.2,18,1.8
2023-06-15,63,28.6,24.3,26.2,10.9,13,2.16
2023-06-16,63,27.4,25.2,26.0,12.6,21,2.62
2023-06-17,61,28.2,24.3,25.8,10.3,21,2.61
2023-06-18,63,29.7,24.6,26.7,10.8,11,3.64
2023-06-19,53,31.5,25.4,28.2,2.1,8,3.74
2023-06-20,53,33.5,26.0,29.5,2.1,8,3.84
2023-06-21,53,33.3,27.0,29.5,2.6,11,3.41
2023-06-22,53,33.7,26.8,30.0,2.0,11,3.75
2023-06-23,53,30.2,25.8,27.7,2.2,10,2.47
2023-06-24,55,29.1,25.2,27.0,4.6,13,3.41
2023-06-25,63,32.8,25.4,28.3,9.9,9,3.04
2023-06-26,63,31.1,24.8,27.5,13.0,8,2.44
2023-06-27,63,31.5,25.3,27.9,6.9,7,3.26
2023-06-28,55,31.7,25.5,28.1,2.7,8,2.92
2023-06-29,63,33.9,25.7,29.2,5.9,7,1.8
2023-06-30,55,33.4,26.6,29.4,2.7,8,2.92
2023-07-01,61,31.5,26.9,28.8,7.3,16,2.4
2023-07-02,63,30.7,26.0,27.7,10.6,12,3.05
2023-07-03,55,31.4,25.4,28.0,3.8,15,3.61
2023-07-04,61,30.5,25.9,27.2,7.6,16,4.11
2023-07-05,61,32.9,25.4,29.1,3.3,9,4.03
2023-07-06,51,33.7,26.7,29.9,0.8,8,4.67
2023-07-07,51,34.1,27.1,30.2,0.6,5,4.76
2023-07-08,51,34.3,26.4,30.2,0.6,5,4.11
2023-07-09,51,35.2,26.4,30.5,1.2,10,3.35
2023-07-10,51,34.8,26.6,30.4,0.7,7,3.14
2023-07-11,51,34.9,26.4,30.4,1.4,8,3.44
2023-07-12,51,35.2,26.5,30.4,1.0,6,2.92
2023-07-13,51,34.9,26.3,30.5,0.5,4,2.65
2023-07-14,51,36.9,26.2,31.2,0.4,4,2.47
2023-07-15,51,37.8,26.4,31.6,0.8,4,2.14
2023-07-16,63,33.7,26.3,29.1,11.0,15,5.32
2023-07-17,61,30.4,26.3,27.9,12.4,21,5.8
2023-07-18,63,30.1,26.3,27.8,16.1,20,3.96
2023-07-19,61,31.2,25.9,27.8,8.1,17,2.3
2023-07-20,63,33.7,26.4,29.2,5.9,8,2.1
2023-07-21,63,34.0,26.3,29.4,8.9,7,2.37
2023-07-22,51,33.3,26.5,29.6,1.4,6,2.33
2023-07-23,51,33.8,26.1,29.6,1.4,10,1.9
2023-07-24,51,35.0,26.1,30.0,0.6,5,1.7
2023-07-25,51,35.4,25.7,30.0,0.2,2,2.14
2023-07-26,51,36.9,26.1,31.4,0.2,1,3.72
2023-07-27,51,35.0,28.0,31.4,0.1,1,3.62
2023-07-28,51,35.1,28.1,31.0,0.1,1,4.1
2023-07-29,63,31.8,26.4,28.2,24.9,17,2.66
2023-07-30,61,30.2,26.0,27.7,7.4,16,2.2
2023-07-31,53,33.0,25.4,28.4,1.5,3,2.2
2023-08-01,63,32.1,25.3,27.7,11.3,17,1.41
2023-08-02,51,34.1,24.4,28.2,0.6,6,1.5
2023-08-03,51,35.8,25.1,30.3,0.2,2,1.86
2023-08-04,61,35.4,27.2,30.5,2.7,5,3.49
2023-08-05,51,34.3,27.3,30.5,1.7,13,4.13
2023-08-06,51,34.3,27.8,30.6,1.8,9,3.75
2023-08-07,53,33.6,26.1,29.7,1.7,7,3.36
2023-08-08,51,33.9,26.1,29.9,0.4,4,3.4
2023-08-09,53,35.5,26.2,30.2,0.8,2,2.97
2023-08-10,61,30.9,25.2,27.8,5.8,21,1.36
2023-08-11,63,31.2,24.4,26.7,11.5,21,1.82
2023-08-12,53,32.9,24.7,27.4,2.7,12,3.24
2023-08-13,55,31.1,25.8,28.3,3.8,10,3.81
2023-08-14,63,32.8,25.6,28.4,11.8,17,3.41
2023-08-15,63,32.7,26.0,28.9,5.6,12,2.56
2023-08-16,61,33.2,26.8,29.2,5.9,11,3.03
2023-08-17,65,30.2,26.1,27.8,22.1,11,2.57
2023-08-18,61,33.3,25.9,28.2,9.9,17,1.81
2023-08-19,63,34.0,26.1,28.8,13.4,15,2.75
2023-08-20,63,29.3,25.9,27.3,16.5,17,1.9
2023-08-21,63,32.5,25.5,27.9,9.7,9,1.92
2023-08-22,61,32.6,25.5,28.5,3.9,8,2.2
2023-08-23,63,31.0,26.0,28.0,14.7,13,1.91
2023-08-24,61,31.5,25.5,27.9,2.8,6,2.19
2023-08-25,65,32.5,25.4,27.8,20.2,10,1.22
2023-08-26,63,31.7,25.1,27.8,19.1,19,1.73
2023-08-27,63,32.3,25.7,28.0,9.0,9,2.33
2023-08-28,63,32.3,26.4,28.5,7.7,15,1.68
2023-08-29,55,29.9,25.3,27.4,5.2,11,3.51
2023-08-30,53,28.6,24.4,26.5,2.6,6,4.81
2023-08-31,61,27.5,25.2,26.3,7.4,14,5.22
2023-09-01,63,25.6,24.0,25.0,41.2,24,8.11
2023-09-02,63,30.9,25.5,26.9,10.2,16,5.46
2023-09-03,51,33.9,25.5,29.1,0.6,6,3.28
2023-09-04,53,33.4,26.7,29.3,1.0,4,4.14
2023-09-05,61,28.3,25.3,26.8,13.7,21,3.94
2023-09-06,53,28.5,25.3,26.4,3.7,16,1.65
2023-09-07,65,26.8,25.0,25.7,59.3,21,3.8
2023-09-08,55,26.4,24.2,25.3,13.2,24,2.7
2023-09-09,61,27.4,23.7,25.2,15.5,20,1.77
2023-09-10,53,28.2,24.0,25.6,3.1,10,1.61
2023-09-11,63,30.9,24.3,26.4,5.2,6,2.04
2023-09-12,61,30.2,25.2,27.0,4.5,10,2.19
2023-09-13,53,31.1,25.4,27.4,1.9,8,1.8
2023-09-14,63,30.4,25.3,27.1,8.0,13,2.0
2023-09-15,63,28.7,24.6,25.9,20.7,23,1.63
2023-09-16,63,29.5,24.5,26.3,14.8,18,1.55
2023-09-17,61,32.5,24.1,27.3,3.9,5,1.5
2023-09-18,61,32.8,24.8,28.2,5.1,5,1.17
2023-09-19,53,34.0,25.1,28.5,1.1,6,1.43
2023-09-20,51,33.3,24.8,28.6,0.7,7,1.9
2023-09-21,51,34.6,25.5,29.4,1.5,7,1.36
2023-09-22,63,32.9,26.3,28.3,14.5,17,1.52
2023-09-23,53,33.8,25.1,28.8,1.7,10,2.14
2023-09-24,51,34.2,25.5,28.9,0.6,4,2.38
2023-09-25,51,33.5,25.8,29.0,0.5,3,2.95
2023-09-26,51,34.2,24.8,29.0,0.5,5,3.14
2023-09-27,51,34.5,25.3,29.0,2.0,13,1.78
2023-09-28,63,33.9,25.8,28.5,4.9,9,1.57
2023-09-29,55,33.7,25.3,28.6,3.1,9,1.3
2023-09-30,61,33.5,25.2,28.5,1.9,5,2.06
2023-10-01,61,34.6,25.2,28.8,4.6,19,1.6
2023-10-02,61,32.2,26.1,27.8,9.7,17,2.26
2023-10-03,51,33.0,25.8,28.4,0.4,4,2.66
2023-10-04,1,32.7,24.8,28.7,0.0,0,3.65
2023-10-05,3,29.1,25.2,26.8,0.0,0,6.61
2023-10-06,61,26.6,22.0,24.7,6.5,13,4.27
2023-10-07,61,22.4,19.6,20.5,21.7,24,5.89
2023-10-08,63,22.0,19.6,20.4,45.5,24,5.2
2023-10-09,61,23.7,20.4,21.5,16.7,22,4.83
2023-10-10,55,24.9,21.1,22.5,2.0,7,3.82
2023-10-11,3,26.0,20.5,22.7,0.0,0,3.67
2023-10-12,3,27.4,20.4,23.8,0.0,0,2.69
2023-10-13,3,27.2,21.9,24.3,0.0,0,2.8
2023-10-14,3,29.0,20.6,24.3,0.0,0,2.6
2023-10-15,2,29.2,20.8,24.4,0.0,0,3.13
2023-10-16,3,29.9,18.6,23.4,0.0,0,3.02
2023-10-17,2,28.4,19.2,23.1,0.0,0,3.23
2023-10-18,51,27.2,21.0,23.7,0.7,6,3.32
2023-10-19,61,25.0,22.0,23.4,11.3,14,1.73
2023-10-20,51,25.6,20.6,23.4,1.9,10,4.57
2023-10-21,53,21.8,17.3,18.9,2.1,11,3.77
2023-10-22,3,24.2,17.9,20.6,0.0,0,2.79
2023-10-23,51,28.7,20.1,23.6,0.8,6,2.15
2023-10-24,51,31.5,21.4,25.6,0.4,4,1.66
2023-10-25,51,31.8,22.1,26.0,0.3,3,1.49
2023-10-26,51,30.8,22.5,25.9,1.2,9,1.64
2023-10-27,63,26.6,23.4,24.4,10.3,22,1.28
2023-10-28,61,26.5,22.5,23.9,12.5,19,1.36
2023-10-29,51,26.5,21.8,23.7,1.1,7,2.12
2023-10-30,3,28.2,20.2,23.8,0.0,0,3.31
2023-10-31,2,28.8,18.0,22.6,0.0,0,2.92
2023-11-01,2,29.5,16.5,22.4,0.0,0,1.36
2023-11-02,2,29.2,17.3,22.9,0.0,0,1.9
2023-11-03,51,29.8,18.7,23.6,0.3,2,2.12
2023-11-04,2,30.6,19.7,24.3,0.0,0,1.3
2023-11-05,3,30.7,20.3,24.5,0.0,0,2.83
2023-11-06,1,29.2,20.7,24.2,0.0,0,4.56
2023-11-07,2,28.5,20.6,23.8,0.0,0,2.69
2023-11-08,3,26.8,20.3,23.4,0.0,0,1.36
2023-11-09,3,29.0,20.7,24.2,0.0,0,2.46
2023-11-10,51,29.5,21.3,25.0,0.8,7,1.48
2023-11-11,53,24.3,20.6,22.8,2.4,9,2.56
2023-11-12,3,21.7,17.3,19.4,0.0,0,5.55
2023-11-13,2,20.2,14.7,16.9,0.0,0,4.49
2023-11-14,3,17.6,13.8,15.3,0.0,0,3.29
2023-11-15,3,25.7,13.5,18.8,0.0,0,2.33
2023-11-16,51,19.6,13.0,16.7,1.3,6,6.26
2023-11-17,1,20.2,11.7,15.2,0.0,0,5.52
2023-11-18,1,21.8,9.4,14.9,0.0,0,3.89
2023-11-19,2,23.1,10.7,15.7,0.0,0,1.75
2023-11-20,1,25.3,10.9,17.1,0.0,0,1.55
2023-11-21,0,26.1,10.3,17.4,0.0,0,1.7
2023-11-22,1,26.2,11.8,18.4,0.0,0,1.94
2023-11-23,1,27.3,13.6,19.4,0.0,0,2.66
2023-11-24,3,27.0,14.6,20.0,0.0,0,3.12
2023-11-25,3,25.9,15.0,19.2,0.0,0,2.56
2023-11-26,0,25.5,12.6,18.3,0.0,0,3.1
2023-11-27,0,25.9,14.1,19.2,0.0,0,3.07
2023-11-28,2,27.0,14.6,19.2,0.0,0,2.4
2023-11-29,3,25.3,16.9,20.5,0.0,0,1.86
2023-11-30,3,23.3,17.5,20.4,0.0,0,4.47
2023-12-01,2,18.4,14.6,16.2,0.0,0,5.06
2023-12-02,3,21.5,13.4,16.9,0.0,0,3.07
2023-12-03,51,22.6,14.6,17.6,0.1,1,2.58
2023-12-04,3,19.4,15.6,17.4,0.0,0,2.9
2023-12-05,3,22.7,14.8,17.8,0.0,0,2.56
2023-12-06,51,20.5,14.4,17.3,0.9,3,3.55
2023-12-07,1,24.5,11.1,15.8,0.0,0,3.22
2023-12-08,3,26.2,8.3,16.6,0.0,0,2.25
2023-12-09,3,27.0,15.8,20.8,0.0,0,2.42
2023-12-10,3,30.4,17.4,23.1,0.0,0,3.1
2023-12-11,51,29.4,19.8,23.7,0.7,4,1.84
2023-12-12,3,24.0,17.6,20.6,0.0,0,4.62
2023-12-13,3,24.7,16.5,20.2,0.0,0,2.24
2023-12-14,3,27.8,17.8,22.3,0.0,0,2.8
2023-12-15,51,29.4,19.8,24.1,1.0,7,2.28
2023-12-16,61,19.4,8.2,11.4,2.1,5,7.18
2023-12-17,3,9.8,6.2,8.1,0.0,0,5.65
2023-12-18,3,18.8,8.9,12.9,0.0,0,3.13
2023-12-19,3,14.2,8.7,10.5,0.0,0,4.88
2023-12-20,3,11.1,6.5,8.3,0.0,0,5.6
2023-12-21,3,8.8,6.4,7.6,0.0,0,5.69
2023-12-22,2,11.0,3.2,7.0,0.0,0,5.5
2023-12-23,3,9.2,5.7,7.3,0.0,0,4.18
2023-12-24,1,15.6,4.3,9.2,0.0,0,4.59
2023-12-25,1,17.9,5.1,10.2,0.0,0,3.41
2023-12-26,1,20.6,4.6,11.7,0.0,0,1.94
2023-12-27,3,23.2,8.4,15.1,0.0,0,1.91
2023-12-28,2,25.3,11.7,17.1,0.0,0,2.48
2023-12-29,2,26.2,12.3,17.7,0.0,0,2.13
2023-12-30,51,23.3,14.7,18.3,0.2,2,2.33
2023-12-31,51,26.6,15.2,20.2,0.2,2,2.92
2024-01-01,3,24.9,15.7,19.8,0.0,0,2.25
